ESP,EOP,ECP,Visits,PageViews,LinkClicks,VideoClicks,ViewedContent,IntentToPurchase
6,0,0,0,0,0,0,0,10
1,0,0,0,0,0,0,0,30
0,0,0,0,0,0,0,0,10
0,0,0,0,0,0,0,0,10
7,0,0,0,0,0,0,0,30
1,0,0,0,0,0,0,0,10
0,0,0,0,0,0,0,0,20
8,3.5,1,0,0,0,0,0,20
0,0,0,0,0,0,0,0,10
5,5,0,0,0,0,0,0,30
0,0,0,0,0,0,0,0,10
14,8,0,0,0,0,0,0,30
3,3,2,6,16,24,5,0,10
0,0,0,0,0,0,0,0,10
0,0,0,0,0,0,0,0,10
4,2,0,0,0,0,0,0,10
3,0,0,0,0,0,0,0,30
4,1,0,0,0,0,0,0,10
0,0,0,0,0,0,0,0,30
0,0,0,0,0,0,0,0,10
0,0,0,0,0,0,0,0,10
3,0,0,0,0,0,0,0,10
2.2,2.333333333,0,0,0,0,0,0,20
0,0,0,1,3,2,0,0,20
0,0,0,0,0,0,0,0,10
0,0,0,0,0,0,0,0,10
0,0,0,0,0,0,0,0,10
0,0,0,16,46,37,0,0,10
1,1,0,0,0,0,0,0,20
0,0,0,0,0,0,0,0,10
2,0,0,0,0,0,0,0,20
0,0,0,0,0,0,0,0,10
0,0,0,0,0,0,0,0,10
0,0,0,0,0,0,0,0,20
0,0,0,7,18,7,11,0,10
0,0,0,0,0,0,0,0,10
3,3,0,1,5,1,0,2,10
5.5,5.333333333,0,19,120,112,0,52,30
1,0,0,0,0,0,0,0,30
0,0,0,0,0,0,0,0,20
0,0,0,0,0,0,0,0,10
0,0,0,0,0,0,0,0,10
1,1,0,0,0,0,0,0,10
0,0,0,0,0,0,0,0,30
0,0,0,0,0,0,0,0,10
0,0,0,0,0,0,0,0,10
0,0,0,0,0,0,0,0,10
0,0,0,0,0,0,0,0,20
0,0,0,0,0,0,0,0,10
11,5,3,0,0,0,0,0,20
0,0,0,0,0,0,0,0,10
0,0,0,0,0,0,0,0,10
0,0,0,0,0,0,0,0,10
6.5,4,4,0,0,0,0,0,20
0,0,0,0,0,0,0,0,10
4.125,3,1.5,2,2,0,0,0,30
0,0,0,5,9,1,0,0,30
0,0,0,0,0,0,0,0,10
0,0,0,0,0,0,0,0,30
0,0,0,0,0,0,0,0,10
0,0,0,0,0,0,0,0,10
0,0,0,0,0,0,0,0,10
0,0,0,0,0,0,0,0,10
0,0,0,0,0,0,0,0,10
5.333333333,3.5,4,0,0,0,0,0,20
1,0,0,0,0,0,0,0,20
0,0,0,0,0,0,0,0,10
0,0,0,0,0,0,0,0,10
9,2,1,0,0,0,0,0,20
0,0,0,0,0,0,0,0,10
10,9,6,0,0,0,0,0,30
1.5,0,0,0,0,0,0,0,20
2,0,0,0,0,0,0,0,10
0,0,0,0,0,0,0,0,10
0,0,0,0,0,0,0,0,10
0,0,0,0,0,0,0,0,10
0,0,0,0,0,0,0,0,10
2,1,0,0,0,0,0,0,20
0,0,0,1,1,1,0,0,20
0,0,0,0,0,0,0,0,10
0,0,0,0,0,0,0,0,10
0,0,0,0,0,0,0,0,10
0,0,0,0,0,0,0,0,10
0,0,0,0,0,0,0,0,10
0,0,0,0,0,0,0,0,10
3,0,0,0,0,0,0,0,10
9,5,1.5,126,450,327,21,64,20
0,0,0,0,0,0,0,0,10
0,0,0,0,0,0,0,0,10
0,0,0,0,0,0,0,0,10
10,8,0,0,0,0,0,0,20
0,0,0,0,0,0,0,0,30
0,0,0,0,0,0,0,0,10
0,0,0,0,0,0,0,0,10
0,0,0,0,0,0,0,0,10
0,0,0,0,0,0,0,0,10
1,0,0,0,0,0,0,0,20
0,0,0,0,0,0,0,0,30
0,0,0,0,0,0,0,0,20
0,0,0,0,0,0,0,0,10
0,0,0,0,0,0,0,0,20
4,0,0,0,0,0,0,0,10
0,0,0,0,0,0,0,0,10
0,0,0,0,0,0,0,0,10
0,0,0,0,0,0,0,0,10
0,0,0,0,0,0,0,0,10
0,0,0,0,0,0,0,0,10
1,1,0,0,0,0,0,0,20
0,0,0,0,0,0,0,0,10
4,0,0,0,0,0,0,0,10
0,0,0,0,0,0,0,0,10
0,0,0,0,0,0,0,0,10
0,0,0,0,0,0,0,0,10
0,0,0,0,0,0,0,0,10
6.333333333,6,1,0,0,0,0,0,20
0,0,0,74,189,191,1,291,20
0,0,0,0,0,0,0,0,20
0,0,0,0,0,0,0,0,10
0,0,0,0,0,0,0,0,10
1,1,0,0,0,0,0,0,30
3,0,0,0,0,0,0,0,30
0,0,0,0,0,0,0,0,10
0,0,0,0,0,0,0,0,10
4,1,0,0,0,0,0,0,10
0,0,0,0,0,0,0,0,10
0,0,0,0,0,0,0,0,20
0,0,0,0,0,0,0,0,10
1,0,0,4,10,9,0,1,10
0,0,0,0,0,0,0,0,10
3.666666667,6,0,0,0,0,0,0,30
0,0,0,0,0,0,0,0,10
0,0,0,0,0,0,0,0,10
0,0,0,0,0,0,0,0,10
0,0,0,0,0,0,0,0,10
3,2,0,0,0,0,0,0,10
0,0,0,0,0,0,0,0,10
4.0625,2.545454545,1.333333333,0,0,0,0,0,20
0,0,0,0,0,0,0,0,10
15,8,2,0,0,0,0,0,20
0,0,0,0,0,0,0,0,10
0,0,0,0,0,0,0,0,10
0,0,0,0,0,0,0,0,10
0,0,0,0,0,0,0,0,10
0,0,0,0,0,0,0,0,10
0,0,0,7,21,10,24,0,20
0,0,0,0,0,0,0,0,30
0,0,0,0,0,0,0,0,10
0,0,0,0,0,0,0,0,20
4,0,0,0,0,0,0,0,10
0,0,0,0,0,0,0,0,10
0,0,0,7,29,8,0,14,10
0,0,0,0,0,0,0,0,10
11,6,0,2,2,2,0,0,10
0,0,0,0,0,0,0,0,20
0,0,0,0,0,0,0,0,10
0,0,0,0,0,0,0,0,10
6,3,0,0,0,0,0,0,20
0,0,0,0,0,0,0,0,10
4,4,0,0,0,0,0,0,30
0,0,0,0,0,0,0,0,10
0,0,0,0,0,0,0,0,10
0,0,0,0,0,0,0,0,10
0,0,0,0,0,0,0,0,10
0,0,0,0,0,0,0,0,10
3,1,0,0,0,0,0,0,10
0,0,0,0,0,0,0,0,10
0,0,0,0,0,0,0,0,30
0,0,0,0,0,0,0,0,10
5,5,3,0,0,0,0,0,10
0,0,0,0,0,0,0,0,10
0,0,0,0,0,0,0,0,10
0,0,0,0,0,0,0,0,20
0,0,0,0,0,0,0,0,10
0,0,0,2,10,5,0,0,10
0,0,0,0,0,0,0,0,10
0,0,0,0,0,0,0,0,10
1.75,0,2,3,17,11,0,1,30
3,1,1,0,0,0,0,0,10
0,0,0,6,12,10,0,8,10
0,0,0,0,0,0,0,0,10
0,0,0,0,0,0,0,0,10
0,0,0,0,0,0,0,0,10
0,0,0,0,0,0,0,0,10
2.5,0,0,25,111,99,20,2,30
0,0,0,1,1,1,0,0,10
0,0,0,2,3,2,0,0,10
0,0,0,0,0,0,0,0,20
1,0,0,0,0,0,0,0,10
0,0,0,0,0,0,0,0,10
0,0,0,0,0,0,0,0,10
1,0,0,0,0,0,0,0,20
0,0,0,0,0,0,0,0,10
1,1,0,0,0,0,0,0,20
0,0,0,0,0,0,0,0,10
0,0,0,0,0,0,0,0,10
0,0,0,0,0,0,0,0,10
0,0,0,0,0,0,0,0,10
1,0,0,0,0,0,0,0,20
0,0,0,0,0,0,0,0,10
0,0,0,0,0,0,0,0,10
0,0,0,0,0,0,0,0,10
0,0,0,0,0,0,0,0,10
0,0,0,0,0,0,0,0,10
3,0,0,0,0,0,0,0,10
7,3,3,0,0,0,0,0,20
0,0,0,0,0,0,0,0,10
0,0,0,0,0,0,0,0,10
1,0,0,0,0,0,0,0,30
7.5,5.5,2,0,0,0,0,0,30
0,0,0,0,0,0,0,0,10
1,0,0,0,0,0,0,0,30
0,0,0,0,0,0,0,0,10
0,0,0,0,0,0,0,0,10
0,0,0,0,0,0,0,0,10
0,0,0,0,0,0,0,0,20
0,0,0,0,0,0,0,0,10
0,0,0,0,0,0,0,0,10
5,0,0,0,0,0,0,0,10
0,0,0,0,0,0,0,0,10
1,0,0,0,0,0,0,0,30
0,0,0,0,0,0,0,0,10
0,0,0,0,0,0,0,0,10
2,0,0,0,0,0,0,0,10
5,3,1.5,0,0,0,0,0,20
1,1,0,0,0,0,0,0,20
0,0,0,0,0,0,0,0,20
0,0,0,0,0,0,0,0,10
0,0,0,0,0,0,0,0,10
0,0,0,0,0,0,0,0,10
0,0,0,0,0,0,0,0,10
0,0,0,0,0,0,0,0,10
0,0,0,0,0,0,0,0,10
0,0,0,0,0,0,0,0,10
7,0,1,12,89,88,0,10,20
0,0,0,0,0,0,0,0,10
0,0,0,0,0,0,0,0,10
0,0,0,0,0,0,0,0,10
0,0,0,0,0,0,0,0,10
12,6,3,0,0,0,0,0,20
0,0,0,0,0,0,0,0,10
0,0,0,0,0,0,0,0,10
2,1,0,0,0,0,0,0,10
0,0,0,0,0,0,0,0,10
0,0,0,0,0,0,0,0,10
2,1,0,0,0,0,0,0,30
0,0,0,0,0,0,0,0,10
0,0,0,0,0,0,0,0,10
2,2,2,2,8,0,0,0,20
3.315789474,2.428571429,1,93,175,167,110,301,30
3.666666667,1,1,0,0,0,0,0,30
0,0,0,0,0,0,0,0,10
1,0,0,0,0,0,0,0,10
4,0,1,0,0,0,0,0,30
0,0,0,0,0,0,0,0,10
0,0,0,0,0,0,0,0,10
1,0,0,0,0,0,0,0,20
0,0,0,0,0,0,0,0,10
7,0,0,0,0,0,0,0,10
0,0,0,0,0,0,0,0,10
4,0,0,1,2,1,0,1,10
0,0,0,1,2,0,0,0,10
3.333333333,2,1,0,0,0,0,0,20
0,0,0,85,340,202,40,2,10
0,0,0,0,0,0,0,0,10
1,1,1,0,0,0,0,0,10
3,2.333333333,1,0,0,0,0,0,20
0,0,0,0,0,0,0,0,10
0,0,0,0,0,0,0,0,10
0,0,0,0,0,0,0,0,10
0,0,0,0,0,0,0,0,10
0,0,0,0,0,0,0,0,20
0,0,0,0,0,0,0,0,10
0,0,0,0,0,0,0,0,10
4,2,0,0,0,0,0,0,30
0,0,0,0,0,0,0,0,10
2.666666667,1.666666667,1,1,1,0,0,0,30
11,2,0,0,0,0,0,0,20
0,0,0,0,0,0,0,0,10
0,0,0,0,0,0,0,0,10
0,0,0,0,0,0,0,0,10
0,0,0,0,0,0,0,0,10
0,0,0,0,0,0,0,0,10
0,0,0,0,0,0,0,0,10
0,0,0,0,0,0,0,0,10
0,0,0,0,0,0,0,0,10
0,0,0,0,0,0,0,0,10
0,0,0,0,0,0,0,0,20
0,0,0,0,0,0,0,0,10
0,0,0,0,0,0,0,0,10
0,0,0,0,0,0,0,0,10
0,0,0,0,0,0,0,0,10
0,0,0,0,0,0,0,0,20
0,0,0,0,0,0,0,0,20
0,0,0,0,0,0,0,0,10
9,3,0,0,0,0,0,0,10
0,0,0,0,0,0,0,0,10
0,0,0,0,0,0,0,0,20
0,0,0,0,0,0,0,0,10
0,0,0,0,0,0,0,0,30
0,0,0,0,0,0,0,0,10
1,0,0,2,3,8,0,1,10
0,0,0,0,0,0,0,0,10
0,0,0,1,6,7,0,0,20
0,0,0,0,0,0,0,0,10
8,6,2,0,0,0,0,0,30
4,3,0,0,0,0,0,0,10
0,0,0,0,0,0,0,0,10
0,0,0,0,0,0,0,0,10
3,0,0,0,0,0,0,0,20
0,0,0,0,0,0,0,0,10
0,0,0,0,0,0,0,0,10
3,0,0,0,0,0,0,0,30
2,1,0,25,42,11,0,0,30
0,0,0,0,0,0,0,0,10
2,0,1,0,0,0,0,0,20
0,0,0,0,0,0,0,0,10
0,0,0,0,0,0,0,0,30
1,0,0,0,0,0,0,0,30
0,0,0,0,0,0,0,0,10
0,0,0,0,0,0,0,0,10
0,0,0,0,0,0,0,0,10
0,0,0,0,0,0,0,0,10
0,0,0,0,0,0,0,0,10
0,0,0,0,0,0,0,0,10
0,0,0,0,0,0,0,0,10
0,0,0,0,0,0,0,0,10
3.166666667,1.6,1,0,0,0,0,0,30
3.5,3,0,0,0,0,0,0,20
0,0,0,0,0,0,0,0,10
0,0,0,0,0,0,0,0,20
0,0,0,0,0,0,0,0,10
0,0,0,0,0,0,0,0,20
0,0,0,0,0,0,0,0,10
0,0,0,0,0,0,0,0,10
0,0,0,0,0,0,0,0,10
0,0,0,0,0,0,0,0,10
0,0,0,0,0,0,0,0,10
0,0,0,0,0,0,0,0,10
0,0,0,0,0,0,0,0,10
0,0,0,0,0,0,0,0,10
0,0,0,0,0,0,0,0,10
0,0,0,0,0,0,0,0,10
10,8,0,0,0,0,0,0,10
0,0,0,0,0,0,0,0,30
0,0,0,0,0,0,0,0,20
0,0,0,0,0,0,0,0,10
1,1,0,0,0,0,0,0,30
6,5,0,2,24,13,0,0,30
1,0,0,0,0,0,0,0,10
0,0,0,0,0,0,0,0,10
3.333333333,3,0,24,116,98,82,4,20
0,0,0,0,0,0,0,0,10
0,0,0,0,0,0,0,0,10
0,0,0,0,0,0,0,0,10
0,0,0,0,0,0,0,0,10
0,0,0,0,0,0,0,0,10
0,0,0,0,0,0,0,0,10
0,0,0,0,0,0,0,0,10
0,0,0,0,0,0,0,0,10
1,0,0,0,0,0,0,0,30
0,0,0,0,0,0,0,0,20
0,0,0,0,0,0,0,0,10
0,0,0,0,0,0,0,0,10
3,0,0,0,0,0,0,0,20
0,0,0,0,0,0,0,0,10
0,0,0,0,0,0,0,0,10
0,0,0,0,0,0,0,0,10
1,0,1,1,1,0,0,0,10
0,0,0,0,0,0,0,0,10
0,0,0,0,0,0,0,0,10
4,0,0,0,0,0,0,0,10
0,0,0,0,0,0,0,0,10
0,0,0,0,0,0,0,0,10
0,0,0,0,0,0,0,0,30
0,0,0,0,0,0,0,0,20
4.4,1,0,5,30,22,1,4,30
0,0,0,0,0,0,0,0,10
0,0,0,0,0,0,0,0,20
0,0,0,0,0,0,0,0,10
2,1,0,23,71,40,11,17,10
0,0,0,0,0,0,0,0,30
0,0,0,0,0,0,0,0,20
0,0,0,0,0,0,0,0,10
2,0,0,0,0,0,0,0,30
0,0,0,0,0,0,0,0,20
0,0,0,0,0,0,0,0,20
0,0,0,0,0,0,0,0,10
0,0,0,1,13,10,0,0,20
0,0,0,0,0,0,0,0,10
0,0,0,0,0,0,0,0,10
0,0,0,0,0,0,0,0,10
0,0,0,0,0,0,0,0,10
0,0,0,0,0,0,0,0,20
0,0,0,0,0,0,0,0,10
0,0,0,0,0,0,0,0,10
0,0,0,0,0,0,0,0,10
0,0,0,0,0,0,0,0,20
0,0,0,0,0,0,0,0,10
0,0,0,0,0,0,0,0,10
0,0,0,0,0,0,0,0,10
0,0,0,0,0,0,0,0,10
1,1,0,0,0,0,0,0,30
0,0,0,0,0,0,0,0,10
0,0,0,0,0,0,0,0,20
4,3,0,0,0,0,0,0,30
0,0,0,0,0,0,0,0,10
0,0,0,0,0,0,0,0,10
19,14,2,0,0,0,0,0,10
1,1,0,0,0,0,0,0,10
0,0,0,0,0,0,0,0,10
0,0,0,0,0,0,0,0,20
7,1,0,0,0,0,0,0,30
0,0,0,2,3,1,0,1,30
0,0,0,0,0,0,0,0,20
0,0,0,0,0,0,0,0,20
0,0,0,0,0,0,0,0,10
1,1,1,0,0,0,0,0,10
0,0,0,0,0,0,0,0,10
0,0,0,0,0,0,0,0,10
0,0,0,0,0,0,0,0,10
0,0,0,0,0,0,0,0,10
0,0,0,0,0,0,0,0,10
0,0,0,0,0,0,0,0,10
0,0,0,0,0,0,0,0,10
0,0,0,0,0,0,0,0,10
0,0,0,0,0,0,0,0,10
0,0,0,0,0,0,0,0,10
0,0,0,0,0,0,0,0,10
0,0,0,0,0,0,0,0,10
1,0,0,0,0,0,0,0,20
0,0,0,0,0,0,0,0,10
0,0,0,0,0,0,0,0,20
0,0,0,0,0,0,0,0,10
0,0,0,0,0,0,0,0,20
0,0,0,0,0,0,0,0,10
0,0,0,0,0,0,0,0,10
0,0,0,0,0,0,0,0,10
0,0,0,0,0,0,0,0,10
12,11,0,0,0,0,0,0,20
0,0,0,0,0,0,0,0,10
0,0,0,0,0,0,0,0,10
0,0,0,0,0,0,0,0,10
5,0,0,0,0,0,0,0,30
0,0,0,4,17,7,25,0,10
0,0,0,0,0,0,0,0,10
3,0,0,0,0,0,0,0,20
0,0,0,0,0,0,0,0,10
0,0,0,5,20,48,0,1,20
0,0,0,0,0,0,0,0,10
0,0,0,0,0,0,0,0,10
0,0,0,0,0,0,0,0,10
6,2,0,0,0,0,0,0,20
0,0,0,0,0,0,0,0,10
0,0,0,0,0,0,0,0,10
0,0,0,0,0,0,0,0,30
4,7,0,4,10,4,0,7,30
0,0,0,0,0,0,0,0,20
0,0,0,0,0,0,0,0,10
0,0,0,0,0,0,0,0,10
0,0,0,0,0,0,0,0,10
0,0,0,0,0,0,0,0,10
1,0,0,0,0,0,0,0,20
0,0,0,0,0,0,0,0,10
0,0,0,0,0,0,0,0,10
0,0,0,0,0,0,0,0,10
0,0,0,0,0,0,0,0,10
0,0,0,1,1,0,0,0,10
7,0,0,0,0,0,0,0,20
0,0,0,0,0,0,0,0,10
1,0,0,0,0,0,0,0,30
0,0,0,0,0,0,0,0,10
0,0,0,0,0,0,0,0,10
0,0,0,0,0,0,0,0,10
0,0,0,0,0,0,0,0,10
0,0,0,0,0,0,0,0,10
4,0,0,0,0,0,0,0,10
2,2,1,0,0,0,0,0,20
0,0,0,0,0,0,0,0,10
0,0,0,0,0,0,0,0,10
0,0,0,0,0,0,0,0,20
7,6,1,0,0,0,0,0,30
0,0,0,0,0,0,0,0,10
0,0,0,0,0,0,0,0,10
5,4,0,0,0,0,0,0,10
0,0,0,0,0,0,0,0,10
2,0,0,0,0,0,0,0,30
0,0,0,0,0,0,0,0,10
0,0,0,0,0,0,0,0,10
0,0,0,0,0,0,0,0,10
0,0,0,0,0,0,0,0,10
0,0,0,0,0,0,0,0,10
0,0,0,0,0,0,0,0,10
0,0,0,0,0,0,0,0,10
0,0,0,0,0,0,0,0,10
0,0,0,0,0,0,0,0,20
0,0,0,0,0,0,0,0,10
0,0,0,0,0,0,0,0,10
0,0,0,0,0,0,0,0,10
0,0,0,0,0,0,0,0,20
0,0,0,0,0,0,0,0,10
0,0,0,0,0,0,0,0,10
0,0,0,0,0,0,0,0,10
0,0,0,0,0,0,0,0,20
0,0,0,0,0,0,0,0,10
0,0,0,0,0,0,0,0,10
1,0,0,0,0,0,0,0,20
1,1,0,0,0,0,0,0,20
0,0,0,0,0,0,0,0,30
0,0,0,0,0,0,0,0,10
2,1,0,0,0,0,0,0,20
0,0,0,0,0,0,0,0,10
0,0,0,0,0,0,0,0,10
0,0,0,0,0,0,0,0,10
0,0,0,0,0,0,0,0,10
0,0,0,0,0,0,0,0,10
0,0,0,0,0,0,0,0,10
0,0,0,0,0,0,0,0,10
0,0,0,0,0,0,0,0,20
0,0,0,0,0,0,0,0,10
0,0,0,0,0,0,0,0,10
0,0,0,0,0,0,0,0,10
0,0,0,0,0,0,0,0,20
0,0,0,0,0,0,0,0,10
0,0,0,0,0,0,0,0,10
0,0,0,2,5,3,0,0,10
0,0,0,0,0,0,0,0,30
0,0,0,0,0,0,0,0,10
0,0,0,0,0,0,0,0,10
0,0,0,0,0,0,0,0,10
0,0,0,0,0,0,0,0,10
0,0,0,1,1,0,0,0,10
0,0,0,0,0,0,0,0,20
0,0,0,4,5,5,0,0,10
0,0,0,0,0,0,0,0,20
0,0,0,0,0,0,0,0,10
0,0,0,0,0,0,0,0,10
0,0,0,0,0,0,0,0,10
0,0,0,0,0,0,0,0,10
0,0,0,0,0,0,0,0,10
0,0,0,0,0,0,0,0,10
0,0,0,0,0,0,0,0,10
0,0,0,0,0,0,0,0,10
0,0,0,0,0,0,0,0,10
0,0,0,0,0,0,0,0,10
0,0,0,0,0,0,0,0,10
0,0,0,0,0,0,0,0,10
5.5,7,2,1,2,2,0,0,20
2,0,0,0,0,0,0,0,20
0,0,0,0,0,0,0,0,10
0,0,0,0,0,0,0,0,10
0,0,0,2,20,23,0,20,10
0,0,0,0,0,0,0,0,10
0,0,0,1,1,1,0,0,10
0,0,0,0,0,0,0,0,10
0,0,0,0,0,0,0,0,10
0,0,0,0,0,0,0,0,20
0,0,0,0,0,0,0,0,10
1.5,1,1,0,0,0,0,0,20
21,3,2,0,0,0,0,0,10
2,2,0,1,6,2,0,0,30
0,0,0,0,0,0,0,0,10
4,3,1,0,0,0,0,0,10
0,0,0,0,0,0,0,0,20
0,0,0,0,0,0,0,0,10
0,0,0,10,26,15,14,0,10
4,5,0,0,0,0,0,0,20
0,0,0,0,0,0,0,0,10
0,0,0,0,0,0,0,0,10
0,0,0,0,0,0,0,0,10
0,0,0,0,0,0,0,0,20
0,0,0,0,0,0,0,0,10
0,0,0,1,1,0,0,0,10
0,0,0,0,0,0,0,0,20
0,0,0,2,4,2,0,0,10
0,0,0,0,0,0,0,0,10
4,0,0,0,0,0,0,0,10
4.333333333,2.5,2,0,0,0,0,0,20
0,0,0,0,0,0,0,0,10
0,0,0,0,0,0,0,0,10
0,0,0,0,0,0,0,0,10
0,0,0,0,0,0,0,0,20
0,0,0,0,0,0,0,0,10
0,0,0,0,0,0,0,0,10
0,0,0,0,0,0,0,0,10
0,0,0,0,0,0,0,0,10
0,0,0,0,0,0,0,0,10
0,0,0,0,0,0,0,0,10
0,0,0,0,0,0,0,0,10
0,0,0,0,0,0,0,0,10
0,0,0,0,0,0,0,0,10
0,0,0,0,0,0,0,0,20
0,0,0,1,1,1,0,0,10
0,0,0,0,0,0,0,0,10
6,4,2,0,0,0,0,0,20
1,0,0,0,0,0,0,0,30
1,1,0,12,19,38,0,6,10
0,0,0,0,0,0,0,0,10
0,0,0,0,0,0,0,0,10
0,0,0,0,0,0,0,0,10
1,0,0,0,0,0,0,0,20
0,0,0,0,0,0,0,0,10
0,0,0,0,0,0,0,0,10
10,8.153846154,4.5,218,890,769,76,442,20
16.4,6,4,26,118,172,0,28,10
5.166666667,4,1.333333333,131,296,363,90,76,20
0,0,0,0,0,0,0,0,20
0,0,0,0,0,0,0,0,10
1,0,0,0,0,0,0,0,20
1,1,0,0,0,0,0,0,30
5,0,1,27,70,86,0,23,20
0,0,0,0,0,0,0,0,20
0,0,0,0,0,0,0,0,10
0,0,0,0,0,0,0,0,10
0,0,0,0,0,0,0,0,10
0,0,0,0,0,0,0,0,10
0,0,0,0,0,0,0,0,10
0,0,0,0,0,0,0,0,10
6,4,0,0,0,0,0,0,30
0,0,0,0,0,0,0,0,10
0,0,0,0,0,0,0,0,20
0,0,0,0,0,0,0,0,10
0,0,0,0,0,0,0,0,10
0,0,0,0,0,0,0,0,10
0,0,0,0,0,0,0,0,20
0,0,0,0,0,0,0,0,20
0,0,0,0,0,0,0,0,10
3,0,1,0,0,0,0,0,10
2,0,0,0,0,0,0,0,10
0,0,0,0,0,0,0,0,10
0,0,0,0,0,0,0,0,10
0,0,0,0,0,0,0,0,10
10,6,0,0,0,0,0,0,10
0,0,0,0,0,0,0,0,20
7,3,1,0,0,0,0,0,10
0,0,0,0,0,0,0,0,10
0,0,0,0,0,0,0,0,10
0,0,0,0,0,0,0,0,10
0,0,0,0,0,0,0,0,10
0,0,0,0,0,0,0,0,10
0,0,0,0,0,0,0,0,10
0,0,0,0,0,0,0,0,10
0,0,0,0,0,0,0,0,10
0,0,0,0,0,0,0,0,20
3,3,0,0,0,0,0,0,10
1,1,0,0,0,0,0,0,30
0,0,0,0,0,0,0,0,10
0,0,0,0,0,0,0,0,10
0,0,0,0,0,0,0,0,10
0,0,0,0,0,0,0,0,10
0,0,0,0,0,0,0,0,10
0,0,0,33,142,120,22,16,20
0,0,0,0,0,0,0,0,20
0,0,0,0,0,0,0,0,10
0,0,0,0,0,0,0,0,10
0,0,0,0,0,0,0,0,10
0,0,0,0,0,0,0,0,20
0,0,0,0,0,0,0,0,10
1,0,0,0,0,0,0,0,30
0,0,0,0,0,0,0,0,10
0,0,0,0,0,0,0,0,10
0,0,0,0,0,0,0,0,10
0,0,0,0,0,0,0,0,10
0,0,0,0,0,0,0,0,10
0,0,0,0,0,0,0,0,10
0,0,0,0,0,0,0,0,30
0,0,0,0,0,0,0,0,10
0,0,0,0,0,0,0,0,20
0,0,0,0,0,0,0,0,10
0,0,0,0,0,0,0,0,10
0,0,0,1,2,2,0,0,10
0,0,0,0,0,0,0,0,10
5,0,0,0,0,0,0,0,30
0,0,0,0,0,0,0,0,10
0,0,0,0,0,0,0,0,20
0,0,0,0,0,0,0,0,10
0,0,0,0,0,0,0,0,10
0,0,0,0,0,0,0,0,10
0,0,0,0,0,0,0,0,10
0,0,0,0,0,0,0,0,10
0,0,0,0,0,0,0,0,10
0,0,0,0,0,0,0,0,10
0,0,0,0,0,0,0,0,10
0,0,0,3,7,8,0,0,20
0,0,0,0,0,0,0,0,10
0,0,0,0,0,0,0,0,10
0,0,0,0,0,0,0,0,10
0,0,0,0,0,0,0,0,10
0,0,0,0,0,0,0,0,20
0,0,0,0,0,0,0,0,10
0,0,0,2,7,1,0,0,20
0,0,0,3,8,3,0,0,10
0,0,0,0,0,0,0,0,10
0,0,0,0,0,0,0,0,10
9,4,1,54,164,304,0,50,20
3,0,0,0,0,0,0,0,10
0,0,0,0,0,0,0,0,10
0,0,0,0,0,0,0,0,10
0,0,0,0,0,0,0,0,10
0,0,0,0,0,0,0,0,10
0,0,0,0,0,0,0,0,20
0,0,0,0,0,0,0,0,10
0,0,0,0,0,0,0,0,10
1,0,0,0,0,0,0,0,20
0,0,0,0,0,0,0,0,10
0,0,0,0,0,0,0,0,10
0,0,0,0,0,0,0,0,10
0,0,0,0,0,0,0,0,10
0,0,0,0,0,0,0,0,10
1,0,0,0,0,0,0,0,20
0,0,0,0,0,0,0,0,10
4,3,0,0,0,0,0,0,20
0,0,0,0,0,0,0,0,10
0,0,0,0,0,0,0,0,10
4.833333333,4,1,0,0,0,0,0,30
0,0,0,0,0,0,0,0,10
0,0,0,0,0,0,0,0,10
0,0,0,0,0,0,0,0,30
0,0,0,0,0,0,0,0,10
0,0,0,0,0,0,0,0,10
4,4,0,14,34,18,0,110,10
7.5,4,0,0,0,0,0,0,20
2,2,1,0,0,0,0,0,10
0,0,0,0,0,0,0,0,20
0,0,0,0,0,0,0,0,10
6,0,0,40,76,46,5,102,10
0,0,0,0,0,0,0,0,10
0,0,0,0,0,0,0,0,20
0,0,0,0,0,0,0,0,10
0,0,0,0,0,0,0,0,10
0,0,0,0,0,0,0,0,10
0,0,0,0,0,0,0,0,10
0,0,0,0,0,0,0,0,10
0,0,0,0,0,0,0,0,10
0,0,0,0,0,0,0,0,10
0,0,0,0,0,0,0,0,10
0,0,0,0,0,0,0,0,10
0,0,0,0,0,0,0,0,20
6,3,0,0,0,0,0,0,30
0,0,0,0,0,0,0,0,10
0,0,0,0,0,0,0,0,10
0,0,0,0,0,0,0,0,10
4,0,0,0,0,0,0,0,30
0,0,0,0,0,0,0,0,10
0,0,0,0,0,0,0,0,10
0,0,0,0,0,0,0,0,10
0,0,0,0,0,0,0,0,10
0,0,0,0,0,0,0,0,10
0,0,0,0,0,0,0,0,10
0,0,0,0,0,0,0,0,10
0,0,0,0,0,0,0,0,10
0,0,0,0,0,0,0,0,10
2.944444444,2.666666667,1,136,271,188,12,563,30
1,1,0,0,0,0,0,0,30
0,0,0,0,0,0,0,0,10
0,0,0,0,0,0,0,0,10
5.5,6.75,0,116,407,203,98,342,30
0,0,0,24,78,26,0,34,30
0,0,0,0,0,0,0,0,20
0,0,0,0,0,0,0,0,30
0,0,0,0,0,0,0,0,10
0,0,0,0,0,0,0,0,10
1,1,0,0,0,0,0,0,20
9,0,0,0,0,0,0,0,10
0,0,0,0,0,0,0,0,30
7,6,0,0,0,0,0,0,30
2,0,0,0,0,0,0,0,10
0,0,0,0,0,0,0,0,10
8,5,0,0,0,0,0,0,20
0,0,0,0,0,0,0,0,20
0,0,0,0,0,0,0,0,10
0,0,0,0,0,0,0,0,10
12,4,1,0,0,0,0,0,20
5,0,0,0,0,0,0,0,10
0,0,0,0,0,0,0,0,10
0,0,0,0,0,0,0,0,10
0,0,0,0,0,0,0,0,10
0,0,0,0,0,0,0,0,10
0,0,0,14,61,72,5,0,20
0,0,0,0,0,0,0,0,10
0,0,0,0,0,0,0,0,10
2,0,0,0,0,0,0,0,20
0,0,0,0,0,0,0,0,30
0,0,0,0,0,0,0,0,30
1,1,1,0,0,0,0,0,20
0,0,0,0,0,0,0,0,30
0,0,0,0,0,0,0,0,10
0,0,0,0,0,0,0,0,10
0,0,0,0,0,0,0,0,10
0,0,0,0,0,0,0,0,10
0,0,0,0,0,0,0,0,10
0,0,0,0,0,0,0,0,10
0,0,0,0,0,0,0,0,20
0,0,0,0,0,0,0,0,10
1,1,0,0,0,0,0,0,30
0,0,0,0,0,0,0,0,10
0,0,0,0,0,0,0,0,10
0,0,0,0,0,0,0,0,10
0,0,0,0,0,0,0,0,30
0,0,0,0,0,0,0,0,20
0,0,0,0,0,0,0,0,30
2.5,1,0,63,222,198,48,111,20
0,0,0,0,0,0,0,0,10
0,0,0,0,0,0,0,0,10
0,0,0,1,2,2,0,0,20
0,0,0,0,0,0,0,0,10
13,8,2,0,0,0,0,0,10
0,0,0,0,0,0,0,0,10
1,0,0,0,0,0,0,0,20
0,0,0,0,0,0,0,0,20
0,0,0,0,0,0,0,0,10
2,0,0,0,0,0,0,0,30
8,0,0,0,0,0,0,0,10
4,0,0,12,62,108,22,56,30
0,0,0,0,0,0,0,0,10
5,5,0,0,0,0,0,0,20
0,0,0,0,0,0,0,0,10
0,0,0,0,0,0,0,0,10
0,0,0,0,0,0,0,0,10
0,0,0,0,0,0,0,0,20
0,0,0,7,14,11,21,7,10
0,0,0,0,0,0,0,0,10
0,0,0,0,0,0,0,0,10
0,0,0,0,0,0,0,0,10
0,0,0,0,0,0,0,0,10
0,0,0,0,0,0,0,0,10
0,0,0,0,0,0,0,0,10
0,0,0,3,2,1,0,7,10
6,3,0,0,0,0,0,0,10
0,0,0,0,0,0,0,0,20
2,1,0,0,0,0,0,0,30
0,0,0,9,32,42,0,34,10
0,0,0,0,0,0,0,0,10
3,0,0,0,0,0,0,0,10
0,0,0,0,0,0,0,0,10
2.5,1.5,1,0,0,0,0,0,10
0,0,0,0,0,0,0,0,10
8,2,0,5,9,9,0,0,30
0,0,0,0,0,0,0,0,10
4,0,0,0,0,0,0,0,30
0,0,0,0,0,0,0,0,20
0,0,0,0,0,0,0,0,20
0,0,0,0,0,0,0,0,10
1,1,0,26,111,87,78,2,20
2,2,0,0,0,0,0,0,30
0,0,0,0,0,0,0,0,10
0,0,0,0,0,0,0,0,10
0,0,0,0,0,0,0,0,10
0,0,0,0,0,0,0,0,10
0,0,0,0,0,0,0,0,20
0,0,0,0,0,0,0,0,10
0,0,0,0,0,0,0,0,10
0,0,0,16,51,44,0,100,10
0,0,0,0,0,0,0,0,10
0,0,0,0,0,0,0,0,10
2,0,0,0,0,0,0,0,10
0,0,0,0,0,0,0,0,10
0,0,0,0,0,0,0,0,20
1,1,0,0,0,0,0,0,20
25,16,2,0,0,0,0,0,10
0,0,0,0,0,0,0,0,30
0,0,0,0,0,0,0,0,10
0,0,0,0,0,0,0,0,10
0,0,0,1,1,0,0,0,10
0,0,0,0,0,0,0,0,10
0,0,0,0,0,0,0,0,10
0,0,0,0,0,0,0,0,10
10,6.5,5,0,0,0,0,0,30
0,0,0,0,0,0,0,0,10
8,5,0,0,0,0,0,0,30
0,0,0,0,0,0,0,0,20
0,0,0,0,0,0,0,0,10
0,0,0,0,0,0,0,0,10
0,0,0,0,0,0,0,0,10
3,0,0,0,0,0,0,0,10
12,4,0,0,0,0,0,0,20
0,0,0,0,0,0,0,0,10
0,0,0,0,0,0,0,0,10
0,0,0,5,18,19,0,0,20
0,0,0,0,0,0,0,0,10
0,0,0,0,0,0,0,0,10
3,3,1,0,0,0,0,0,20
0,0,0,0,0,0,0,0,10
0,0,0,0,0,0,0,0,10
0,0,0,0,0,0,0,0,10
0,0,0,0,0,0,0,0,10
0,0,0,0,0,0,0,0,10
0,0,0,0,0,0,0,0,10
0,0,0,0,0,0,0,0,10
3,1,0,0,0,0,0,0,20
0,0,0,0,0,0,0,0,10
0,0,0,0,0,0,0,0,20
0,0,0,0,0,0,0,0,20
4,2,0,0,0,0,0,0,20
0,0,0,0,0,0,0,0,10
0,0,0,0,0,0,0,0,10
0,0,0,0,0,0,0,0,10
0,0,0,0,0,0,0,0,20
6,10,2,2,26,30,0,0,30
0,0,0,0,0,0,0,0,20
1,1,1,0,0,0,0,0,10
0,0,0,0,0,0,0,0,10
2,2,0,0,0,0,0,0,30
0,0,0,0,0,0,0,0,10
0,0,0,0,0,0,0,0,10
0,0,0,9,14,22,0,0,10
2,0,0,0,0,0,0,0,30
5,0,0,0,0,0,0,0,20
0,0,0,0,0,0,0,0,10
0,0,0,0,0,0,0,0,10
0,0,0,0,0,0,0,0,10
1,0,0,0,0,0,0,0,30
0,0,0,0,0,0,0,0,30
12,0,0,0,0,0,0,0,20
5,0,1,0,0,0,0,0,30
0,0,0,0,0,0,0,0,10
0,0,0,0,0,0,0,0,10
0,0,0,3,8,2,0,1,20
0,0,0,0,0,0,0,0,10
0,0,0,0,0,0,0,0,10
0,0,0,0,0,0,0,0,10
0,0,0,0,0,0,0,0,10
0,0,0,0,0,0,0,0,10
2,0,0,0,0,0,0,0,10
0,0,0,0,0,0,0,0,10
0,0,0,0,0,0,0,0,10
0,0,0,0,0,0,0,0,30
4,4,0,0,0,0,0,0,30
0,0,0,0,0,0,0,0,10
0,0,0,0,0,0,0,0,10
1,0,1,0,0,0,0,0,20
3,0,0,0,0,0,0,0,10
0,0,0,1,1,1,0,4,10
1,1,0,0,0,0,0,0,20
0,0,0,0,0,0,0,0,10
0,0,0,0,0,0,0,0,10
0,0,0,0,0,0,0,0,10
0,0,0,0,0,0,0,0,30
12,0,0,0,0,0,0,0,30
2.5,0,0,0,0,0,0,0,20
0,0,0,0,0,0,0,0,10
1,1,0,0,0,0,0,0,30
0,0,0,0,0,0,0,0,10
0,0,0,0,0,0,0,0,10
0,0,0,0,0,0,0,0,10
0,0,0,0,0,0,0,0,10
0,0,0,0,0,0,0,0,20
3,3,0,0,0,0,0,0,20
0,0,0,0,0,0,0,0,10
0,0,0,2,3,0,0,0,10
0,0,0,0,0,0,0,0,10
0,0,0,0,0,0,0,0,10
0,0,0,0,0,0,0,0,10
4,2.5,0,0,0,0,0,0,20
0,0,0,0,0,0,0,0,20
0,0,0,0,0,0,0,0,10
1,0,0,25,152,127,0,12,20
0,0,0,2,3,1,0,0,20
0,0,0,0,0,0,0,0,10
2,2,0,0,0,0,0,0,10
0,0,0,0,0,0,0,0,10
0,0,0,0,0,0,0,0,10
0,0,0,0,0,0,0,0,10
0,0,0,0,0,0,0,0,10
0,0,0,0,0,0,0,0,30
0,0,0,0,0,0,0,0,10
12,11,0,0,0,0,0,0,30
0,0,0,0,0,0,0,0,30
8,0,0,0,0,0,0,0,10
1,1,0,0,0,0,0,0,30
0,0,0,0,0,0,0,0,10
0,0,0,4,4,0,0,0,10
0,0,0,0,0,0,0,0,10
0,0,0,0,0,0,0,0,30
0,0,0,0,0,0,0,0,10
0,0,0,0,0,0,0,0,20
0,0,0,4,23,9,0,2,10
0,0,0,0,0,0,0,0,10
0,0,0,0,0,0,0,0,10
0,0,0,0,0,0,0,0,10
0,0,0,6,17,34,22,2,20
0,0,0,0,0,0,0,0,10
4,4,0,0,0,0,0,0,20
0,0,0,0,0,0,0,0,10
0,0,0,0,0,0,0,0,10
0,0,0,0,0,0,0,0,10
0,0,0,0,0,0,0,0,10
2,2,0,16,85,58,0,1,10
0,0,0,0,0,0,0,0,10
0,0,0,0,0,0,0,0,20
0,0,0,0,0,0,0,0,20
0,0,0,0,0,0,0,0,10
8,3,0,0,0,0,0,0,10
0,0,0,0,0,0,0,0,10
19,0,1,0,0,0,0,0,10
0,0,0,0,0,0,0,0,10
0,0,0,0,0,0,0,0,10
0,0,0,0,0,0,0,0,10
0,0,0,0,0,0,0,0,10
0,0,0,0,0,0,0,0,10
0,0,0,0,0,0,0,0,20
10,0,0,0,0,0,0,0,30
0,0,0,0,0,0,0,0,30
10,5,0,87,307,203,167,623,10
0,0,0,0,0,0,0,0,10
0,0,0,0,0,0,0,0,10
0,0,0,0,0,0,0,0,10
0,0,0,0,0,0,0,0,10
0,0,0,0,0,0,0,0,10
2,1,0,0,0,0,0,0,20
0,0,0,0,0,0,0,0,10
0,0,0,0,0,0,0,0,10
0,0,0,0,0,0,0,0,10
0,0,0,0,0,0,0,0,10
11,0,0,0,0,0,0,0,10
12,0,2,0,0,0,0,0,10
3,0,0,0,0,0,0,0,10
0,0,0,0,0,0,0,0,20
0,0,0,5,12,8,4,0,10
0,0,0,0,0,0,0,0,10
0,0,0,0,0,0,0,0,10
3,1,0,0,0,0,0,0,20
0,0,0,0,0,0,0,0,10
2,2,6,0,0,0,0,0,10
0,0,0,0,0,0,0,0,30
0,0,0,0,0,0,0,0,10
0,0,0,0,0,0,0,0,10
0,0,0,0,0,0,0,0,20
0,0,0,0,0,0,0,0,10
5,0,0,0,0,0,0,0,30
0,0,0,0,0,0,0,0,10
0,0,0,0,0,0,0,0,30
7,6,2,0,0,0,0,0,30
0,0,0,0,0,0,0,0,10
0,0,0,0,0,0,0,0,10
0,0,0,0,0,0,0,0,10
0,0,0,0,0,0,0,0,10
0,0,0,0,0,0,0,0,10
0,0,0,0,0,0,0,0,10
0,0,0,0,0,0,0,0,10
0,0,0,0,0,0,0,0,10
0,0,0,0,0,0,0,0,10
0,0,0,0,0,0,0,0,10
0,0,0,0,0,0,0,0,10
0,0,0,0,0,0,0,0,10
0,0,0,0,0,0,0,0,10
2,1.5,0,0,0,0,0,0,30
0,0,0,0,0,0,0,0,10
0,0,0,0,0,0,0,0,30
5,4,0,0,0,0,0,0,30
5.333333333,5,0,0,0,0,0,0,10
0,0,0,0,0,0,0,0,10
0,0,0,0,0,0,0,0,10
0,0,0,0,0,0,0,0,10
10.5,11,7,0,0,0,0,0,20
2,0,0,0,0,0,0,0,10
0,0,0,0,0,0,0,0,10
0,0,0,0,0,0,0,0,10
0,0,0,0,0,0,0,0,20
1,1,0,0,0,0,0,0,20
0,0,0,0,0,0,0,0,10
0,0,0,0,0,0,0,0,10
0,0,0,0,0,0,0,0,10
4,4,1,0,0,0,0,0,10
13,7.5,5,99,150,86,0,82,20
0,0,0,0,0,0,0,0,20
0,0,0,0,0,0,0,0,10
0,0,0,0,0,0,0,0,20
0,0,0,0,0,0,0,0,20
0,0,0,0,0,0,0,0,10
0,0,0,0,0,0,0,0,20
0,0,0,0,0,0,0,0,10
0,0,0,0,0,0,0,0,10
0,0,0,0,0,0,0,0,10
1,0,0,0,0,0,0,0,10
1,1,0,0,0,0,0,0,20
0,0,0,0,0,0,0,0,10
12,2,0,1,0,0,0,0,20
0,0,0,0,0,0,0,0,30
0,0,0,0,0,0,0,0,20
0,0,0,0,0,0,0,0,20
0,0,0,0,0,0,0,0,20
0,0,0,0,0,0,0,0,10
0,0,0,0,0,0,0,0,10
0,0,0,0,0,0,0,0,20
1,0,0,0,0,0,0,0,10
1,1,0,0,0,0,0,0,10
0,0,0,0,0,0,0,0,10
20,0,0,12,68,74,2,16,20
0,0,0,0,0,0,0,0,10
0,0,0,0,0,0,0,0,10
0,0,0,0,0,0,0,0,10
1,1,1,0,0,0,0,0,20
0,0,0,0,0,0,0,0,10
1,0,0,0,0,0,0,0,30
0,0,0,0,0,0,0,0,30
2,0,0,0,0,0,0,0,20
3,1.5,0,0,0,0,0,0,30
0,0,0,0,0,0,0,0,10
0,0,0,0,0,0,0,0,20
0,0,0,0,0,0,0,0,30
1,0,0,0,0,0,0,0,20
0,0,0,0,0,0,0,0,10
1,0,0,0,0,0,0,0,20
3,1,0,0,0,0,0,0,30
0,0,0,0,0,0,0,0,10
0,0,0,0,0,0,0,0,30
7,0,0,0,0,0,0,0,10
1,1,0,13,19,15,0,3,10
0,0,0,0,0,0,0,0,10
0,0,0,0,0,0,0,0,20
0,0,0,1,1,0,0,0,20
0,0,0,0,0,0,0,0,10
0,0,0,1,1,0,0,0,10
0,0,0,0,0,0,0,0,10
0,0,0,0,0,0,0,0,10
0,0,0,0,0,0,0,0,10
8.333333333,15,1,5,6,7,11,0,30
0,0,0,0,0,0,0,0,20
0,0,0,0,0,0,0,0,10
0,0,0,0,0,0,0,0,10
0,0,0,0,0,0,0,0,10
0,0,0,0,0,0,0,0,10
0,0,0,0,0,0,0,0,10
0,0,0,0,0,0,0,0,10
0,0,0,0,0,0,0,0,10
0,0,0,0,0,0,0,0,10
0,0,0,0,0,0,0,0,10
0,0,0,0,0,0,0,0,10
0,0,0,0,0,0,0,0,10
0,0,0,0,0,0,0,0,10
0,0,0,0,0,0,0,0,10
0,0,0,0,0,0,0,0,20
0,0,0,0,0,0,0,0,20
0,0,0,0,0,0,0,0,20
0,0,0,0,0,0,0,0,10
0,0,0,0,0,0,0,0,10
0,0,0,0,0,0,0,0,20
3,0,0,0,0,0,0,0,30
0,0,0,0,0,0,0,0,10
0,0,0,0,0,0,0,0,10
0,0,0,0,0,0,0,0,10
0,0,0,0,0,0,0,0,10
0,0,0,0,0,0,0,0,10
0,0,0,0,0,0,0,0,10
0,0,0,0,0,0,0,0,10
0,0,0,0,0,0,0,0,10
0,0,0,0,0,0,0,0,20
0,0,0,0,0,0,0,0,10
0,0,0,0,0,0,0,0,10
0,0,0,0,0,0,0,0,20
0,0,0,0,0,0,0,0,10
5,5,0,0,0,0,0,0,30
0,0,0,0,0,0,0,0,20
0,0,0,0,0,0,0,0,10
0,0,0,0,0,0,0,0,10
0,0,0,0,0,0,0,0,10
0,0,0,0,0,0,0,0,30
0,0,0,0,0,0,0,0,10
0,0,0,0,0,0,0,0,10
36,17,5,85,155,62,0,176,10
0,0,0,0,0,0,0,0,10
0,0,0,0,0,0,0,0,10
1,1,0,0,0,0,0,0,20
0,0,0,0,0,0,0,0,10
0,0,0,0,0,0,0,0,10
0,0,0,0,0,0,0,0,10
0,0,0,0,0,0,0,0,10
0,0,0,5,19,6,0,1,10
0,0,0,0,0,0,0,0,10
1,1,0,0,0,0,0,0,20
0,0,0,0,0,0,0,0,10
0,0,0,0,0,0,0,0,10
0,0,0,0,0,0,0,0,10
6.5,3,2.5,0,0,0,0,0,20
0,0,0,0,0,0,0,0,10
0,0,0,0,0,0,0,0,10
0,0,0,0,0,0,0,0,10
0,0,0,0,0,0,0,0,20
1,0,0,3,3,2,0,1,10
2,2,0,0,0,0,0,0,10
0,0,0,0,0,0,0,0,20
0,0,0,0,0,0,0,0,10
0,0,0,0,0,0,0,0,10
0,0,0,0,0,0,0,0,10
0,0,0,0,0,0,0,0,10
0,0,0,0,0,0,0,0,10
0,0,0,0,0,0,0,0,10
0,0,0,0,0,0,0,0,10
0,0,0,0,0,0,0,0,10
0,0,0,0,0,0,0,0,10
4.468085106,2.774193548,2,423,2781,2507,180,6344,30
1,0,0,0,0,0,0,0,30
6.5,2,0,0,0,0,0,0,10
2,1,1,0,0,0,0,0,10
7,1,0,0,0,0,0,0,10
0,0,0,0,0,0,0,0,30
0,0,0,0,0,0,0,0,20
0,0,0,0,0,0,0,0,10
0,0,0,0,0,0,0,0,10
0,0,0,0,0,0,0,0,10
0,0,0,0,0,0,0,0,20
0,0,0,0,0,0,0,0,10
0,0,0,0,0,0,0,0,10
5,0,0,0,0,0,0,0,10
0,0,0,0,0,0,0,0,10
3,0,0,0,0,0,0,0,10
0,0,0,0,0,0,0,0,10
0,0,0,7,14,33,0,13,10
0,0,0,0,0,0,0,0,20
0,0,0,0,0,0,0,0,10
2,3,1,0,0,0,0,0,30
0,0,0,0,0,0,0,0,10
0,0,0,0,0,0,0,0,20
0,0,0,0,0,0,0,0,30
0,0,0,0,0,0,0,0,10
0,0,0,0,0,0,0,0,10
0,0,0,0,0,0,0,0,10
1,0,0,0,0,0,0,0,10
0,0,0,0,0,0,0,0,10
0,0,0,0,0,0,0,0,10
20,8,4,0,0,0,0,0,30
0,0,0,0,0,0,0,0,20
1,1,1,8,21,13,4,1,20
19,7,3,0,0,0,0,0,10
2.285714286,2.666666667,1,6,8,2,0,0,30
0,0,0,2,3,1,0,0,10
0,0,0,0,0,0,0,0,10
6,3,0,0,0,0,0,0,30
0,0,0,0,0,0,0,0,10
0,0,0,0,0,0,0,0,10
0,0,0,0,0,0,0,0,10
0,0,0,0,0,0,0,0,30
0,0,0,0,0,0,0,0,10
0,0,0,0,0,0,0,0,10
0,0,0,0,0,0,0,0,20
0,0,0,0,0,0,0,0,10
0,0,0,0,0,0,0,0,10
0,0,0,0,0,0,0,0,30
0,0,0,0,0,0,0,0,30
0,0,0,0,0,0,0,0,10
0,0,0,0,0,0,0,0,20
7,0,0,0,0,0,0,0,30
0,0,0,0,0,0,0,0,10
0,0,0,0,0,0,0,0,10
0,0,0,0,0,0,0,0,20
0,0,0,0,0,0,0,0,10
0,0,0,0,0,0,0,0,20
0,0,0,0,0,0,0,0,10
2,1,0,0,0,0,0,0,20
1,0,0,0,0,0,0,0,20
1.5,1,1,0,0,0,0,0,20
0,0,0,0,0,0,0,0,20
6,4,0,21,30,14,0,9,20
0,0,0,0,0,0,0,0,10
0,0,0,0,0,0,0,0,30
11.66666667,13,6,48,1098,64,14,50,30
0,0,0,1,5,5,0,5,20
37.33333333,29,6,353,2898,3234,524,3964,30
0,0,0,0,0,0,0,0,10
0,0,0,0,0,0,0,0,10
0,0,0,0,0,0,0,0,20
0,0,0,1,1,0,0,0,10
0,0,0,0,0,0,0,0,10
0,0,0,0,0,0,0,0,10
0,0,0,1,1,0,0,0,20
0,0,0,0,0,0,0,0,10
0,0,0,0,0,0,0,0,10
0,0,0,0,0,0,0,0,10
0,0,0,0,0,0,0,0,10
0,0,0,0,0,0,0,0,10
0,0,0,0,0,0,0,0,20
0,0,0,0,0,0,0,0,10
0,0,0,0,0,0,0,0,20
0,0,0,0,0,0,0,0,10
1,0,0,0,0,0,0,0,20
0,0,0,0,0,0,0,0,10
0,0,0,0,0,0,0,0,10
0,0,0,0,0,0,0,0,10
0,0,0,0,0,0,0,0,10
0,0,0,0,0,0,0,0,10
0,0,0,0,0,0,0,0,10
0,0,0,0,0,0,0,0,10
0,0,0,0,0,0,0,0,10
0,0,0,0,0,0,0,0,10
0,0,0,0,0,0,0,0,10
0,0,0,0,0,0,0,0,20
10,4,0,0,0,0,0,0,10
12.5,4.8,9,0,0,0,0,0,30
0,0,0,0,0,0,0,0,10
4,1,0,0,0,0,0,0,10
0,0,0,0,0,0,0,0,10
0,0,0,0,0,0,0,0,10
0,0,0,0,0,0,0,0,20
0,0,0,0,0,0,0,0,10
6,4,0,0,0,0,0,0,10
0,0,0,0,0,0,0,0,10
0,0,0,0,0,0,0,0,20
0,0,0,0,0,0,0,0,10
4,4,1,0,0,0,0,0,20
0,0,0,0,0,0,0,0,10
0,0,0,2,14,2,0,0,10
0,0,0,0,0,0,0,0,30
3.2,5,0,0,0,0,0,0,30
0,0,0,0,0,0,0,0,10
4,2.5,0,0,0,0,0,0,30
0,0,0,0,0,0,0,0,10
0,0,0,0,0,0,0,0,20
0,0,0,0,0,0,0,0,10
12,4,1,0,0,0,0,0,10
0,0,0,0,0,0,0,0,10
0,0,0,0,0,0,0,0,10
0,0,0,0,0,0,0,0,10
1,0,0,0,0,0,0,0,20
0,0,0,0,0,0,0,0,10
0,0,0,0,0,0,0,0,20
4,0,1,14,50,23,0,61,20
1,1,0,0,0,0,0,0,30
0,0,0,0,0,0,0,0,10
0,0,0,0,0,0,0,0,10
1,0,0,0,0,0,0,0,20
0,0,0,0,0,0,0,0,10
0,0,0,0,0,0,0,0,10
0,0,0,0,0,0,0,0,10
1,0,0,0,0,0,0,0,10
3,1.5,2,0,0,0,0,0,10
0,0,0,0,0,0,0,0,10
0,0,0,0,0,0,0,0,10
7.5,4.5,1,0,0,0,0,0,20
0,0,0,0,0,0,0,0,10
0,0,0,0,0,0,0,0,10
0,0,0,0,0,0,0,0,10
5.5,3.5,2,0,0,0,0,0,30
0,0,0,0,0,0,0,0,10
7,6.5,1,0,0,0,0,0,20
1,0,1,0,0,0,0,0,10
0,0,0,2,2,8,0,3,10
0,0,0,0,0,0,0,0,10
1,1,0,0,0,0,0,0,30
0,0,0,0,0,0,0,0,10
0,0,0,0,0,0,0,0,10
4,4,0,0,0,0,0,0,20
0,0,0,0,0,0,0,0,20
0,0,0,0,0,0,0,0,10
0,0,0,0,0,0,0,0,10
0,0,0,0,0,0,0,0,10
3.777777778,2,0,23,40,14,4,8,20
3,0,0,0,0,0,0,0,20
0,0,0,0,0,0,0,0,20
0,0,0,0,0,0,0,0,10
4.5,2.333333333,2,0,0,0,0,0,20
1,0,0,0,0,0,0,0,20
0,0,0,2,2,3,0,0,10
0,0,0,0,0,0,0,0,10
0,0,0,0,0,0,0,0,10
0,0,0,0,0,0,0,0,30
0,0,0,0,0,0,0,0,30
0,0,0,0,0,0,0,0,10
0,0,0,0,0,0,0,0,20
0,0,0,0,0,0,0,0,10
0,0,0,0,0,0,0,0,10
5,2,0,0,0,0,0,0,30
0,0,0,0,0,0,0,0,10
0,0,0,0,0,0,0,0,10
0,0,0,0,0,0,0,0,10
10,8,2,0,0,0,0,0,30
0,0,0,0,0,0,0,0,10
0,0,0,0,0,0,0,0,10
1,0,0,0,0,0,0,0,20
0,0,0,0,0,0,0,0,10
0,0,0,0,0,0,0,0,10
0,0,0,0,0,0,0,0,10
1,1,0,0,0,0,0,0,10
0,0,0,0,0,0,0,0,10
0,0,0,0,0,0,0,0,10
4,0,0,0,0,0,0,0,10
0,0,0,0,0,0,0,0,10
0,0,0,0,0,0,0,0,10
0,0,0,0,0,0,0,0,10
0,0,0,0,0,0,0,0,10
0,0,0,0,0,0,0,0,10
0,0,0,0,0,0,0,0,10
0,0,0,0,0,0,0,0,10
0,0,0,0,0,0,0,0,30
0,0,0,0,0,0,0,0,10
3,1,0,0,0,0,0,0,30
0,0,0,0,0,0,0,0,10
0,0,0,0,0,0,0,0,10
0,0,0,0,0,0,0,0,10
0,0,0,0,0,0,0,0,10
0,0,0,0,0,0,0,0,30
0,0,0,0,0,0,0,0,10
0,0,0,0,0,0,0,0,10
6,0,0,0,0,0,0,0,30
0,0,0,0,0,0,0,0,10
0,0,0,0,0,0,0,0,10
0,0,0,0,0,0,0,0,10
0,0,0,0,0,0,0,0,10
0,0,0,0,0,0,0,0,10
0,0,0,0,0,0,0,0,10
0,0,0,0,0,0,0,0,10
0,0,0,0,0,0,0,0,20
0,0,0,0,0,0,0,0,10
3.6,3,0,0,0,0,0,0,20
0,0,0,0,0,0,0,0,10
0,0,0,0,0,0,0,0,10
0,0,0,0,0,0,0,0,10
0,0,0,0,0,0,0,0,10
0,0,0,0,0,0,0,0,10
4,0,0,0,0,0,0,0,20
0,0,0,0,0,0,0,0,10
0,0,0,0,0,0,0,0,10
0,0,0,0,0,0,0,0,10
0,0,0,0,0,0,0,0,10
0,0,0,0,0,0,0,0,10
0,0,0,0,0,0,0,0,10
0,0,0,0,0,0,0,0,10
0,0,0,0,0,0,0,0,10
0,0,0,0,0,0,0,0,20
0,0,0,0,0,0,0,0,10
0,0,0,0,0,0,0,0,20
0,0,0,0,0,0,0,0,10
0,0,0,0,0,0,0,0,10
0,0,0,0,0,0,0,0,30
0,0,0,0,0,0,0,0,10
0,0,0,0,0,0,0,0,10
0,0,0,0,0,0,0,0,10
0,0,0,0,0,0,0,0,10
0,0,0,0,0,0,0,0,20
0,0,0,0,0,0,0,0,10
0,0,0,0,0,0,0,0,10
4,3,1.5,0,0,0,0,0,30
0,0,0,0,0,0,0,0,30
0,0,0,0,0,0,0,0,30
4.5,2,1.333333333,13,104,184,20,11,30
0,0,0,0,0,0,0,0,10
0,0,0,1,3,8,0,0,10
0,0,0,0,0,0,0,0,10
0,0,0,0,0,0,0,0,10
0,0,0,0,0,0,0,0,10
0,0,0,0,0,0,0,0,10
0,0,0,0,0,0,0,0,30
0,0,0,0,0,0,0,0,10
0,0,0,0,0,0,0,0,10
2,0,0,0,0,0,0,0,30
0,0,0,0,0,0,0,0,10
0,0,0,0,0,0,0,0,20
0,0,0,0,0,0,0,0,10
5,1,0,0,0,0,0,0,20
0,0,0,0,0,0,0,0,10
0,0,0,0,0,0,0,0,10
0,0,0,0,0,0,0,0,20
0,0,0,0,0,0,0,0,20
0,0,0,0,0,0,0,0,10
0,0,0,0,0,0,0,0,10
0,0,0,0,0,0,0,0,10
0,0,0,0,0,0,0,0,10
3,0,0,2,12,7,0,0,30
0,0,0,0,0,0,0,0,10
3,1,1,0,0,0,0,0,10
0,0,0,0,0,0,0,0,10
0,0,0,0,0,0,0,0,10
1,0,0,0,0,0,0,0,10
3,0,0,0,0,0,0,0,10
11,0,3,11,30,27,2,1,10
0,0,0,0,0,0,0,0,20
1,1,0,0,0,0,0,0,10
0,0,0,0,0,0,0,0,20
0,0,0,0,0,0,0,0,10
0,0,0,0,0,0,0,0,10
0,0,0,0,0,0,0,0,10
0,0,0,0,0,0,0,0,10
10,0,0,0,0,0,0,0,20
0,0,0,0,0,0,0,0,20
0,0,0,0,0,0,0,0,10
2,0,0,6,8,3,0,15,20
0,0,0,0,0,0,0,0,10
0,0,0,0,0,0,0,0,10
0,0,0,0,0,0,0,0,10
0,0,0,0,0,0,0,0,20
8,2,0,0,0,0,0,0,10
0,0,0,1,1,1,0,0,10
0,0,0,0,0,0,0,0,10
0,0,0,0,0,0,0,0,10
0,0,0,0,0,0,0,0,20
0,0,0,0,0,0,0,0,10
0,0,0,0,0,0,0,0,20
1,0,0,0,0,0,0,0,30
4.6,1.5,1,3,7,5,0,0,30
8,0,0,0,0,0,0,0,10
0,0,0,0,0,0,0,0,10
0,0,0,121,541,259,36,174,20
0,0,0,0,0,0,0,0,10
0,0,0,0,0,0,0,0,10
0,0,0,0,0,0,0,0,10
4,0,1,3,5,6,0,15,20
6,0,0,0,0,0,0,0,20
0,0,0,0,0,0,0,0,10
1,0,1,0,0,0,0,0,10
0,0,0,0,0,0,0,0,10
0,0,0,0,0,0,0,0,20
0,0,0,0,0,0,0,0,10
5,2,0,0,0,0,0,0,20
0,0,0,4,5,2,0,0,10
0,0,0,0,0,0,0,0,10
0,0,0,0,0,0,0,0,10
0,0,0,0,0,0,0,0,10
0,0,0,0,0,0,0,0,10
0,0,0,0,0,0,0,0,10
1,0,0,0,0,0,0,0,20
0,0,0,0,0,0,0,0,10
0,0,0,0,0,0,0,0,10
0,0,0,4,4,2,0,0,10
0,0,0,0,0,0,0,0,10
0,0,0,0,0,0,0,0,20
0,0,0,0,0,0,0,0,20
3,0,0,0,0,0,0,0,20
0,0,0,0,0,0,0,0,10
0,0,0,0,0,0,0,0,10
1,0,0,0,0,0,0,0,20
0,0,0,0,0,0,0,0,10
0,0,0,0,0,0,0,0,10
0,0,0,0,0,0,0,0,20
0,0,0,0,0,0,0,0,10
0,0,0,0,0,0,0,0,20
0,0,0,1,1,0,0,0,10
0,0,0,0,0,0,0,0,20
13,7,3,156,495,285,56,117,10
0,0,0,0,0,0,0,0,10
0,0,0,0,0,0,0,0,10
0,0,0,0,0,0,0,0,10
0,0,0,2,2,0,0,0,10
0,0,0,0,0,0,0,0,10
0,0,0,0,0,0,0,0,10
0,0,0,0,0,0,0,0,10
0,0,0,0,0,0,0,0,30
0,0,0,0,0,0,0,0,20
0,0,0,0,0,0,0,0,10
0,0,0,0,0,0,0,0,10
0,0,0,0,0,0,0,0,10
0,0,0,0,0,0,0,0,20
0,0,0,0,0,0,0,0,10
0,0,0,0,0,0,0,0,10
0,0,0,0,0,0,0,0,10
0,0,0,0,0,0,0,0,10
0,0,0,0,0,0,0,0,20
0,0,0,0,0,0,0,0,10
0,0,0,0,0,0,0,0,10
0,0,0,0,0,0,0,0,10
0,0,0,0,0,0,0,0,10
0,0,0,0,0,0,0,0,10
0,0,0,0,0,0,0,0,20
0,0,0,0,0,0,0,0,10
0,0,0,0,0,0,0,0,10
0,0,0,0,0,0,0,0,10
0,0,0,3,12,21,0,2,30
0,0,0,0,0,0,0,0,10
0,0,0,4,4,0,0,0,10
0,0,0,0,0,0,0,0,10
0,0,0,3,4,1,0,1,10
0,0,0,0,0,0,0,0,10
0,0,0,0,0,0,0,0,10
0,0,0,0,0,0,0,0,10
0,0,0,0,0,0,0,0,10
0,0,0,0,0,0,0,0,10
0,0,0,0,0,0,0,0,10
0,0,0,0,0,0,0,0,10
0,0,0,0,0,0,0,0,10
0,0,0,0,0,0,0,0,10
0,0,0,0,0,0,0,0,10
7,7,0,0,0,0,0,0,30
0,0,0,0,0,0,0,0,10
0,0,0,0,0,0,0,0,10
0,0,0,1,1,0,0,1,10
0,0,0,0,0,0,0,0,10
0,0,0,0,0,0,0,0,30
0,0,0,0,0,0,0,0,10
1,1,0,0,0,0,0,0,20
0,0,0,0,0,0,0,0,20
10,0,0,111,2947,431,16,158,20
0,0,0,0,0,0,0,0,20
0,0,0,0,0,0,0,0,10
4,0,0,0,0,0,0,0,30
0,0,0,0,0,0,0,0,10
0,0,0,0,0,0,0,0,10
0,0,0,0,0,0,0,0,10
0,0,0,0,0,0,0,0,20
0,0,0,0,0,0,0,0,10
0,0,0,0,0,0,0,0,10
0,0,0,2,6,2,0,2,10
0,0,0,0,0,0,0,0,10
1,0,0,0,0,0,0,0,20
9,9,1,0,0,0,0,0,20
0,0,0,0,0,0,0,0,10
0,0,0,0,0,0,0,0,10
2,2,1,0,0,0,0,0,10
1,1,0,0,0,0,0,0,30
0,0,0,0,0,0,0,0,10
0,0,0,0,0,0,0,0,10
0,0,0,0,0,0,0,0,10
0,0,0,0,0,0,0,0,10
8,2,0,0,0,0,0,0,10
0,0,0,0,0,0,0,0,10
0,0,0,3,27,27,0,0,10
0,0,0,0,0,0,0,0,20
0,0,0,0,0,0,0,0,10
0,0,0,0,0,0,0,0,10
0,0,0,0,0,0,0,0,10
0,0,0,0,0,0,0,0,10
0,0,0,0,0,0,0,0,10
0,0,0,0,0,0,0,0,10
0,0,0,0,0,0,0,0,30
3,3,0,0,0,0,0,0,20
0,0,0,0,0,0,0,0,10
0,0,0,0,0,0,0,0,10
0,0,0,0,0,0,0,0,10
0,0,0,0,0,0,0,0,10
0,0,0,0,0,0,0,0,20
0,0,0,0,0,0,0,0,10
3,1,0,0,0,0,0,0,10
0,0,0,0,0,0,0,0,10
0,0,0,0,0,0,0,0,10
0,0,0,0,0,0,0,0,10
3,0,0,0,0,0,0,0,10
2,0,1,0,0,0,0,0,30
0,0,0,0,0,0,0,0,10
1,0,1,0,0,0,0,0,10
0,0,0,0,0,0,0,0,10
0,0,0,0,0,0,0,0,10
1,0,0,0,0,0,0,0,30
0,0,0,0,0,0,0,0,10
0,0,0,0,0,0,0,0,10
0,0,0,0,0,0,0,0,10
0,0,0,0,0,0,0,0,10
1,1,0,0,0,0,0,0,30
0,0,0,0,0,0,0,0,10
0,0,0,0,0,0,0,0,20
0,0,0,0,0,0,0,0,10
0,0,0,0,0,0,0,0,10
3,0,0,0,0,0,0,0,30
0,0,0,0,0,0,0,0,10
0,0,0,0,0,0,0,0,10
0,0,0,0,0,0,0,0,10
0,0,0,0,0,0,0,0,10
0,0,0,0,0,0,0,0,10
0,0,0,0,0,0,0,0,10
0,0,0,0,0,0,0,0,10
0,0,0,0,0,0,0,0,10
0,0,0,10,62,47,1,14,10
0,0,0,0,0,0,0,0,10
3,0,0,0,0,0,0,0,20
0,0,0,0,0,0,0,0,20
0,0,0,0,0,0,0,0,10
0,0,0,0,0,0,0,0,10
2,0,0,0,0,0,0,0,30
0,0,0,23,77,68,2,38,10
0,0,0,0,0,0,0,0,10
0,0,0,0,0,0,0,0,10
0,0,0,0,0,0,0,0,20
0,0,0,0,0,0,0,0,10
0,0,0,0,0,0,0,0,10
0,0,0,0,0,0,0,0,10
0,0,0,0,0,0,0,0,10
0,0,0,0,0,0,0,0,10
0,0,0,0,0,0,0,0,10
0,0,0,0,0,0,0,0,10
0,0,0,0,0,0,0,0,10
2,2,0,41,95,70,44,0,20
0,0,0,0,0,0,0,0,10
7,5,0,0,0,0,0,0,20
0,0,0,0,0,0,0,0,10
0,0,0,0,0,0,0,0,20
6,0,0,0,0,0,0,0,10
7,4,0,0,0,0,0,0,10
0,0,0,0,0,0,0,0,10
0,0,0,0,0,0,0,0,20
0,0,0,0,0,0,0,0,10
0,0,0,0,0,0,0,0,10
0,0,0,0,0,0,0,0,10
0,0,0,0,0,0,0,0,10
0,0,0,0,0,0,0,0,30
0,0,0,0,0,0,0,0,10
0,0,0,0,0,0,0,0,10
0,0,0,0,0,0,0,0,10
1,0,0,0,0,0,0,0,30
0,0,0,0,0,0,0,0,30
0,0,0,0,0,0,0,0,10
0,0,0,0,0,0,0,0,20
3,0,0,0,0,0,0,0,20
0,0,0,0,0,0,0,0,10
1,1,1,0,0,0,0,0,10
0,0,0,0,0,0,0,0,10
0,0,0,0,0,0,0,0,10
0,0,0,0,0,0,0,0,20
0,0,0,0,0,0,0,0,10
0,0,0,0,0,0,0,0,30
0,0,0,0,0,0,0,0,10
3,0,0,0,0,0,0,0,10
1,1,0,7,15,17,22,0,20
0,0,0,0,0,0,0,0,10
0,0,0,0,0,0,0,0,10
0,0,0,0,0,0,0,0,10
0,0,0,0,0,0,0,0,30
0,0,0,0,0,0,0,0,10
0,0,0,0,0,0,0,0,10
0,0,0,0,0,0,0,0,10
0,0,0,1,2,1,0,0,10
0,0,0,0,0,0,0,0,20
0,0,0,0,0,0,0,0,10
0,0,0,0,0,0,0,0,20
0,0,0,0,0,0,0,0,10
0,0,0,0,0,0,0,0,10
0,0,0,2,9,5,0,0,20
0,0,0,0,0,0,0,0,10
0,0,0,0,0,0,0,0,10
4,0,0,0,0,0,0,0,10
0,0,0,0,0,0,0,0,30
0,0,0,0,0,0,0,0,10
3,0,0,0,0,0,0,0,10
0,0,0,0,0,0,0,0,20
7,0,0,0,0,0,0,0,10
0,0,0,6,14,7,0,0,20
2,0,0,0,0,0,0,0,20
0,0,0,0,0,0,0,0,10
3,0,0,7,63,58,0,1,30
9,1,0,0,0,0,0,0,10
0,0,0,0,0,0,0,0,10
0,0,0,0,0,0,0,0,10
0,0,0,0,0,0,0,0,10
0,0,0,0,0,0,0,0,10
0,0,0,0,0,0,0,0,10
0,0,0,0,0,0,0,0,10
0,0,0,0,0,0,0,0,10
0,0,0,0,0,0,0,0,10
0,0,0,0,0,0,0,0,10
0,0,0,0,0,0,0,0,10
0,0,0,0,0,0,0,0,10
0,0,0,24,29,10,0,16,10
0,0,0,0,0,0,0,0,10
2,0,0,0,0,0,0,0,30
10.28571429,7.5,0,0,0,0,0,0,30
0,0,0,0,0,0,0,0,30
0,0,0,0,0,0,0,0,10
0,0,0,0,0,0,0,0,10
0,0,0,0,0,0,0,0,10
0,0,0,0,0,0,0,0,20
0,0,0,0,0,0,0,0,10
0,0,0,0,0,0,0,0,10
0,0,0,0,0,0,0,0,10
0,0,0,0,0,0,0,0,10
0,0,0,0,0,0,0,0,10
0,0,0,0,0,0,0,0,20
0,0,0,0,0,0,0,0,10
4,1,1,0,0,0,0,0,10
0,0,0,0,0,0,0,0,20
0,0,0,0,0,0,0,0,10
0,0,0,0,0,0,0,0,10
0,0,0,0,0,0,0,0,10
0,0,0,0,0,0,0,0,20
0,0,0,0,0,0,0,0,10
0,0,0,0,0,0,0,0,10
0,0,0,0,0,0,0,0,20
0,0,0,0,0,0,0,0,10
0,0,0,1,6,4,0,0,20
0,0,0,0,0,0,0,0,10
7,0,0,0,0,0,0,0,10
0,0,0,0,0,0,0,0,10
0,0,0,0,0,0,0,0,10
0,0,0,0,0,0,0,0,10
0,0,0,0,0,0,0,0,10
0,0,0,0,0,0,0,0,10
0,0,0,0,0,0,0,0,10
4,4,0,0,0,0,0,0,20
0,0,0,0,0,0,0,0,10
5,4,2,0,0,0,0,0,20
0,0,0,0,0,0,0,0,10
0,0,0,0,0,0,0,0,10
0,0,0,0,0,0,0,0,10
0,0,0,3,9,9,0,0,10
0,0,0,0,0,0,0,0,10
0,0,0,0,0,0,0,0,10
0,0,0,0,0,0,0,0,10
0,0,0,0,0,0,0,0,10
4,0,0,1,3,2,0,0,10
28,9,0,0,0,0,0,0,10
0,0,0,2,4,3,0,0,10
1,0,0,0,0,0,0,0,30
0,0,0,0,0,0,0,0,10
0,0,0,0,0,0,0,0,10
1,0,0,0,0,0,0,0,30
0,0,0,0,0,0,0,0,10
0,0,0,0,0,0,0,0,10
0,0,0,0,0,0,0,0,10
0,0,0,0,0,0,0,0,10
8,7,0,1,2,2,0,0,10
4,0,0,0,0,0,0,0,30
0,0,0,0,0,0,0,0,10
5.333333333,2,0,0,0,0,0,0,20
0,0,0,0,0,0,0,0,10
2,0,0,0,0,0,0,0,20
0,0,0,1,0,2,0,0,10
0,0,0,0,0,0,0,0,10
0,0,0,0,0,0,0,0,10
0,0,0,12,41,21,0,0,20
0,0,0,0,0,0,0,0,10
15,6,5,3,14,5,12,0,20
0,0,0,0,0,0,0,0,10
0,0,0,0,0,0,0,0,10
0,0,0,0,0,0,0,0,10
0,0,0,0,0,0,0,0,20
0,0,0,0,0,0,0,0,10
0,0,0,0,0,0,0,0,10
0,0,0,0,0,0,0,0,20
0,0,0,0,0,0,0,0,10
3,0,0,0,0,0,0,0,10
0,0,0,0,0,0,0,0,10
0,0,0,0,0,0,0,0,10
0,0,0,0,0,0,0,0,10
0,0,0,0,0,0,0,0,10
0,0,0,0,0,0,0,0,10
0,0,0,0,0,0,0,0,10
0,0,0,0,0,0,0,0,10
0,0,0,0,0,0,0,0,10
0,0,0,0,0,0,0,0,10
0,0,0,0,0,0,0,0,10
0,0,0,0,0,0,0,0,10
2,0,0,0,0,0,0,0,30
0,0,0,0,0,0,0,0,10
0,0,0,0,0,0,0,0,10
0,0,0,0,0,0,0,0,10
0,0,0,2,1,2,0,0,10
0,0,0,0,0,0,0,0,10
0,0,0,0,0,0,0,0,30
2,0,0,9,14,5,0,13,10
0,0,0,0,0,0,0,0,10
0,0,0,0,0,0,0,0,10
0,0,0,0,0,0,0,0,10
0,0,0,0,0,0,0,0,20
0,0,0,0,0,0,0,0,10
0,0,0,0,0,0,0,0,10
0,0,0,0,0,0,0,0,10
0,0,0,0,0,0,0,0,10
0,0,0,0,0,0,0,0,10
0,0,0,0,0,0,0,0,10
0,0,0,0,0,0,0,0,10
0,0,0,0,0,0,0,0,10
4,2.666666667,0,0,0,0,0,0,20
0,0,0,0,0,0,0,0,10
0,0,0,2,5,2,0,0,10
2.8,1.333333333,1,0,0,0,0,0,20
0,0,0,1,1,0,0,0,10
0,0,0,0,0,0,0,0,10
0,0,0,0,0,0,0,0,10
7,0,1,0,0,0,0,0,10
4,0,0,0,0,0,0,0,10
0,0,0,0,0,0,0,0,10
0,0,0,0,0,0,0,0,30
0,0,0,0,0,0,0,0,10
12,4,2,5,5,4,0,0,10
2,1,0,0,0,0,0,0,30
0,0,0,0,0,0,0,0,10
0,0,0,0,0,0,0,0,10
0,0,0,0,0,0,0,0,10
0,0,0,13,28,8,0,41,20
2,0,0,0,0,0,0,0,30
0,0,0,2,4,0,0,9,10
0,0,0,0,0,0,0,0,10
0,0,0,0,0,0,0,0,20
0,0,0,0,0,0,0,0,10
0,0,0,0,0,0,0,0,20
0,0,0,0,0,0,0,0,20
0,0,0,0,0,0,0,0,10
0,0,0,0,0,0,0,0,10
0,0,0,0,0,0,0,0,10
0,0,0,0,0,0,0,0,10
0,0,0,0,0,0,0,0,10
0,0,0,0,0,0,0,0,10
0,0,0,0,0,0,0,0,10
0,0,0,0,0,0,0,0,30
1,0,0,0,0,0,0,0,10
0,0,0,10,45,34,0,12,20
0,0,0,0,0,0,0,0,30
0,0,0,0,0,0,0,0,20
0,0,0,0,0,0,0,0,10
3,2,0,0,0,0,0,0,20
7,0,0,0,0,0,0,0,10
3,0,0,0,0,0,0,0,10
0,0,0,0,0,0,0,0,10
0,0,0,0,0,0,0,0,10
0,0,0,1,1,1,0,0,10
0,0,0,0,0,0,0,0,10
3.5,0,0,14,128,58,0,1,30
0,0,0,0,0,0,0,0,10
0,0,0,0,0,0,0,0,10
0,0,0,0,0,0,0,0,10
0,0,0,0,0,0,0,0,10
0,0,0,0,0,0,0,0,30
0,0,0,0,0,0,0,0,10
1.8,2,0,35,170,179,43,14,30
0,0,0,0,0,0,0,0,10
0,0,0,0,0,0,0,0,10
1,0,0,0,0,0,0,0,30
0,0,0,0,0,0,0,0,10
0,0,0,0,0,0,0,0,10
3,0,0,0,0,0,0,0,10
0,0,0,0,0,0,0,0,10
0,0,0,0,0,0,0,0,20
0,0,0,35,26,7,0,157,30
0,0,0,0,0,0,0,0,10
0,0,0,0,0,0,0,0,10
0,0,0,7,27,28,0,137,10
0,0,0,0,0,0,0,0,10
0,0,0,0,0,0,0,0,10
0,0,0,0,0,0,0,0,10
0,0,0,15,31,18,7,75,10
0,0,0,0,0,0,0,0,10
6,2.5,0,0,0,0,0,0,20
6,0,0,0,0,0,0,0,10
0,0,0,0,0,0,0,0,10
0,0,0,0,0,0,0,0,10
0,0,0,0,0,0,0,0,20
0,0,0,0,0,0,0,0,10
0,0,0,0,0,0,0,0,10
0,0,0,0,0,0,0,0,10
0,0,0,0,0,0,0,0,20
3,0,0,0,0,0,0,0,20
0,0,0,0,0,0,0,0,10
0,0,0,8,12,16,0,30,10
0,0,0,0,0,0,0,0,10
2,1,0,0,0,0,0,0,10
0,0,0,0,0,0,0,0,10
0,0,0,0,0,0,0,0,10
0,0,0,0,0,0,0,0,10
0,0,0,0,0,0,0,0,10
0,0,0,0,0,0,0,0,10
0,0,0,0,0,0,0,0,10
0,0,0,0,0,0,0,0,10
0,0,0,0,0,0,0,0,10
3,0,0,5,9,4,0,3,20
0,0,0,0,0,0,0,0,10
0,0,0,0,0,0,0,0,10
0,0,0,0,0,0,0,0,10
0,0,0,0,0,0,0,0,10
0,0,0,0,0,0,0,0,10
0,0,0,0,0,0,0,0,10
0,0,0,0,0,0,0,0,30
5,3,0,0,0,0,0,0,10
0,0,0,0,0,0,0,0,10
0,0,0,0,0,0,0,0,20
0,0,0,4,4,2,0,2,30
0,0,0,0,0,0,0,0,10
0,0,0,0,0,0,0,0,10
0,0,0,0,0,0,0,0,20
0,0,0,0,0,0,0,0,10
1,0,0,0,0,0,0,0,10
0,0,0,0,0,0,0,0,10
0,0,0,0,0,0,0,0,10
0,0,0,0,0,0,0,0,10
0,0,0,0,0,0,0,0,10
0,0,0,0,0,0,0,0,10
6,0,0,0,0,0,0,0,30
30,24,0,9,114,78,0,10,10
0,0,0,0,0,0,0,0,10
1,0,0,0,0,0,0,0,20
0,0,0,0,0,0,0,0,30
0,0,0,0,0,0,0,0,20
0,0,0,2,2,1,0,0,10
0,0,0,0,0,0,0,0,10
0,0,0,0,0,0,0,0,10
0,0,0,0,0,0,0,0,10
0,0,0,0,0,0,0,0,10
0,0,0,0,0,0,0,0,10
0,0,0,0,0,0,0,0,10
0,0,0,0,0,0,0,0,10
0,0,0,0,0,0,0,0,20
0,0,0,0,0,0,0,0,20
0,0,0,0,0,0,0,0,10
0,0,0,0,0,0,0,0,10
0,0,0,0,0,0,0,0,10
20,4,0,0,0,0,0,0,10
0,0,0,0,0,0,0,0,30
3,2.5,0,3,3,0,0,0,20
0,0,0,0,0,0,0,0,10
0,0,0,32,68,30,0,10,30
0,0,0,0,0,0,0,0,10
5,7,0,0,0,0,0,0,30
0,0,0,0,0,0,0,0,10
0,0,0,0,0,0,0,0,10
0,0,0,0,0,0,0,0,10
0,0,0,0,0,0,0,0,10
0,0,0,1,1,1,0,0,10
0,0,0,0,0,0,0,0,10
0,0,0,0,0,0,0,0,10
0,0,0,0,0,0,0,0,20
0,0,0,0,0,0,0,0,10
5.5,2.5,0,0,0,0,0,0,30
0,0,0,0,0,0,0,0,20
0,0,0,0,0,0,0,0,10
3,0,0,102,780,2079,387,111,20
0,0,0,0,0,0,0,0,10
0,0,0,0,0,0,0,0,10
0,0,0,0,0,0,0,0,10
5,3.666666667,0,0,0,0,0,0,30
0,0,0,0,0,0,0,0,10
0,0,0,0,0,0,0,0,10
2,2,0,0,0,0,0,0,30
0,0,0,0,0,0,0,0,10
0,0,0,0,0,0,0,0,20
0,0,0,0,0,0,0,0,20
3.5,4,0,0,0,0,0,0,30
11.8125,11.72727273,2.8,289,1767,1960,235,2319,30
0,0,0,0,0,0,0,0,30
0,0,0,1,3,1,0,0,20
4,0,0,25,104,56,54,82,10
0,0,0,0,0,0,0,0,10
0,0,0,24,96,90,22,1,30
0,0,0,0,0,0,0,0,20
0,0,0,0,0,0,0,0,20
0,0,0,0,0,0,0,0,10
0,0,0,0,0,0,0,0,30
0,0,0,0,0,0,0,0,10
0,0,0,0,0,0,0,0,10
4,0,0,0,0,0,0,0,20
0,0,0,0,0,0,0,0,10
0,0,0,0,0,0,0,0,10
0,0,0,0,0,0,0,0,10
0,0,0,0,0,0,0,0,10
0,0,0,0,0,0,0,0,10
0,0,0,0,0,0,0,0,10
0,0,0,0,0,0,0,0,10
0,0,0,0,0,0,0,0,10
4.5,4,3,0,0,0,0,0,10
0,0,0,0,0,0,0,0,10
0,0,0,0,0,0,0,0,10
0,0,0,0,0,0,0,0,10
5,2,1,279,962,786,3,221,20
0,0,0,4,12,3,0,3,10
0,0,0,0,0,0,0,0,10
0,0,0,0,0,0,0,0,10
1,1,0,0,0,0,0,0,10
0,0,0,0,0,0,0,0,10
0,0,0,2,4,3,0,0,10
0,0,0,0,0,0,0,0,10
3,1,56,0,0,0,0,0,10
0,0,0,0,0,0,0,0,10
0,0,0,0,0,0,0,0,30
0,0,0,0,0,0,0,0,10
0,0,0,0,0,0,0,0,10
6,1,0,0,0,0,0,0,10
0,0,0,0,0,0,0,0,10
0,0,0,0,0,0,0,0,10
1,0,0,0,0,0,0,0,20
0,0,0,0,0,0,0,0,10
0,0,0,0,0,0,0,0,10
0,0,0,0,0,0,0,0,10
0,0,0,0,0,0,0,0,30
0,0,0,0,0,0,0,0,10
0,0,0,0,0,0,0,0,10
0,0,0,0,0,0,0,0,20
1,1,0,0,0,0,0,0,20
6,0,0,0,0,0,0,0,10
0,0,0,0,0,0,0,0,10
0,0,0,0,0,0,0,0,10
0,0,0,0,0,0,0,0,20
4,1.333333333,0,0,0,0,0,0,30
0,0,0,0,0,0,0,0,10
0,0,0,0,0,0,0,0,10
0,0,0,0,0,0,0,0,10
0,0,0,0,0,0,0,0,10
0,0,0,0,0,0,0,0,10
0,0,0,0,0,0,0,0,30
0,0,0,0,0,0,0,0,10
0,0,0,0,0,0,0,0,10
0,0,0,0,0,0,0,0,10
1,0,0,0,0,0,0,0,10
0,0,0,0,0,0,0,0,10
0,0,0,0,0,0,0,0,20
0,0,0,0,0,0,0,0,10
0,0,0,0,0,0,0,0,10
0,0,0,0,0,0,0,0,10
0,0,0,0,0,0,0,0,10
0,0,0,7,11,1,0,7,20
0,0,0,0,0,0,0,0,10
0,0,0,0,0,0,0,0,10
0,0,0,0,0,0,0,0,10
0,0,0,2,24,13,0,0,20
0,0,0,0,0,0,0,0,10
0,0,0,0,0,0,0,0,10
0,0,0,0,0,0,0,0,20
0,0,0,0,0,0,0,0,10
0,0,0,0,0,0,0,0,10
0,0,0,60,239,362,68,11,20
2.75,3.5,1,0,0,0,0,0,30
0,0,0,0,0,0,0,0,20
0,0,0,0,0,0,0,0,30
0,0,0,0,0,0,0,0,10
0,0,0,0,0,0,0,0,20
8,3,0,0,0,0,0,0,30
0,0,0,0,0,0,0,0,20
0,0,0,0,0,0,0,0,10
0,0,0,0,0,0,0,0,30
0,0,0,0,0,0,0,0,10
2,0,0,7,11,5,0,0,20
3,0,0,0,0,0,0,0,10
0,0,0,0,0,0,0,0,10
0,0,0,0,0,0,0,0,10
0,0,0,0,0,0,0,0,10
0,0,0,0,0,0,0,0,10
0,0,0,0,0,0,0,0,20
0,0,0,0,0,0,0,0,10
0,0,0,0,0,0,0,0,10
0,0,0,0,0,0,0,0,10
0,0,0,0,0,0,0,0,10
5.5,3,1,0,0,0,0,0,10
2.5,2,0,19,74,74,1,0,20
0,0,0,0,0,0,0,0,10
0,0,0,0,0,0,0,0,10
5,0,0,0,0,0,0,0,10
0,0,0,0,0,0,0,0,10
5.5,2,1,0,0,0,0,0,30
0,0,0,0,0,0,0,0,20
0,0,0,0,0,0,0,0,10
0,0,0,0,0,0,0,0,10
0,0,0,0,0,0,0,0,10
0,0,0,0,0,0,0,0,10
0,0,0,0,0,0,0,0,10
2.5,1,0,0,0,0,0,0,20
1,1,0,0,0,0,0,0,30
2,0,0,0,0,0,0,0,20
0,0,0,0,0,0,0,0,20
1,1,0,0,0,0,0,0,30
0,0,0,1,13,26,0,0,10
7,0,0,0,0,0,0,0,10
0,0,0,0,0,0,0,0,20
0,0,0,2,2,0,0,0,10
0,0,0,0,0,0,0,0,10
0,0,0,0,0,0,0,0,10
7.6,5.333333333,2,0,0,0,0,0,30
0,0,0,0,0,0,0,0,10
0,0,0,0,0,0,0,0,10
0,0,0,0,0,0,0,0,10
0,0,0,0,0,0,0,0,10
0,0,0,0,0,0,0,0,10
0,0,0,0,0,0,0,0,10
0,0,0,0,0,0,0,0,10
8,3,1,0,0,0,0,0,10
1,1,0,0,0,0,0,0,20
0,0,0,0,0,0,0,0,10
0,0,0,0,0,0,0,0,10
2,0,0,0,0,0,0,0,20
0,0,0,0,0,0,0,0,10
1,1,0,0,0,0,0,0,30
0,0,0,0,0,0,0,0,10
0,0,0,0,0,0,0,0,10
0,0,0,0,0,0,0,0,10
4.333333333,2,3,7,37,40,0,4,20
0,0,0,0,0,0,0,0,10
0,0,0,0,0,0,0,0,10
0,0,0,0,0,0,0,0,30
0,0,0,0,0,0,0,0,30
0,0,0,0,0,0,0,0,10
0,0,0,0,0,0,0,0,10
0,0,0,0,0,0,0,0,10
0,0,0,0,0,0,0,0,10
0,0,0,0,0,0,0,0,10
0,0,0,0,0,0,0,0,10
0,0,0,0,0,0,0,0,20
0,0,0,0,0,0,0,0,10
0,0,0,0,0,0,0,0,10
0,0,0,0,0,0,0,0,10
0,0,0,0,0,0,0,0,10
0,0,0,0,0,0,0,0,10
0,0,0,0,0,0,0,0,10
2,0,0,0,0,0,0,0,30
0,0,0,0,0,0,0,0,20
0,0,0,0,0,0,0,0,10
0,0,0,0,0,0,0,0,10
0,0,0,0,0,0,0,0,10
0,0,0,0,0,0,0,0,10
3,0,0,0,0,0,0,0,20
0,0,0,0,0,0,0,0,10
0,0,0,0,0,0,0,0,20
0,0,0,0,0,0,0,0,10
0,0,0,0,0,0,0,0,10
0,0,0,0,0,0,0,0,10
0,0,0,0,0,0,0,0,20
0,0,0,0,0,0,0,0,10
0,0,0,0,0,0,0,0,10
0,0,0,0,0,0,0,0,10
0,0,0,0,0,0,0,0,10
1,0,0,0,0,0,0,0,20
0,0,0,0,0,0,0,0,10
0,0,0,0,0,0,0,0,10
0,0,0,0,0,0,0,0,10
0,0,0,0,0,0,0,0,10
0,0,0,0,0,0,0,0,10
0,0,0,0,0,0,0,0,10
0,0,0,0,0,0,0,0,10
1,0,0,3,3,1,0,0,10
6,1,0,1,1,0,0,0,10
0,0,0,0,0,0,0,0,10
0,0,0,0,0,0,0,0,10
1,1,0,0,0,0,0,0,20
0,0,0,0,0,0,0,0,10
0,0,0,0,0,0,0,0,20
0,0,0,0,0,0,0,0,10
0,0,0,0,0,0,0,0,10
0,0,0,0,0,0,0,0,10
4,4,0,0,0,0,0,0,30
0,0,0,0,0,0,0,0,10
0,0,0,5,11,8,0,0,30
0,0,0,0,0,0,0,0,10
6.5,2,0,0,0,0,0,0,30
0,0,0,0,0,0,0,0,10
0,0,0,0,0,0,0,0,20
1,0,1,0,0,0,0,0,30
0,0,0,0,0,0,0,0,10
0,0,0,1,19,25,0,0,20
4,0,0,0,0,0,0,0,20
1.5,1,0,0,0,0,0,0,20
9,0,0,2,8,2,0,0,30
0,0,0,0,0,0,0,0,20
0,0,0,0,0,0,0,0,20
0,0,0,0,0,0,0,0,10
0,0,0,0,0,0,0,0,20
0,0,0,0,0,0,0,0,10
0,0,0,0,0,0,0,0,10
0,0,0,0,0,0,0,0,10
0,0,0,0,0,0,0,0,10
0,0,0,25,315,194,0,4,30
0,0,0,0,0,0,0,0,10
4,3,2,39,71,53,0,63,30
0,0,0,0,0,0,0,0,10
0,0,0,0,0,0,0,0,10
0,0,0,0,0,0,0,0,10
0,0,0,0,0,0,0,0,10
0,0,0,0,0,0,0,0,10
0,0,0,0,0,0,0,0,10
0,0,0,0,0,0,0,0,10
0,0,0,0,0,0,0,0,10
0,0,0,0,0,0,0,0,10
0,0,0,0,0,0,0,0,10
0,0,0,0,0,0,0,0,10
0,0,0,6,22,17,0,1,20
0,0,0,0,0,0,0,0,10
5,0,0,0,0,0,0,0,10
1,0,0,0,0,0,0,0,30
0,0,0,0,0,0,0,0,10
0,0,0,0,0,0,0,0,10
0,0,0,0,0,0,0,0,10
5,5,0,0,0,0,0,0,10
0,0,0,0,0,0,0,0,10
0,0,0,0,0,0,0,0,10
0,0,0,0,0,0,0,0,10
2,2,0,0,0,0,0,0,30
8,8,3,0,0,0,0,0,30
0,0,0,0,0,0,0,0,10
0,0,0,0,0,0,0,0,10
19,6,0,0,0,0,0,0,20
0,0,0,0,0,0,0,0,10
0,0,0,0,0,0,0,0,10
0,0,0,0,0,0,0,0,20
0,0,0,0,0,0,0,0,10
3,0,0,0,0,0,0,0,20
0,0,0,0,0,0,0,0,10
0,0,0,0,0,0,0,0,10
0,0,0,0,0,0,0,0,30
9.2,7.285714286,2.222222222,0,0,0,0,0,30
0,0,0,0,0,0,0,0,10
0,0,0,0,0,0,0,0,10
0,0,0,0,0,0,0,0,10
0,0,0,0,0,0,0,0,10
0,0,0,0,0,0,0,0,10
0,0,0,0,0,0,0,0,10
0,0,0,0,0,0,0,0,20
1,1,0,0,0,0,0,0,30
0,0,0,0,0,0,0,0,10
0,0,0,0,0,0,0,0,20
0,0,0,0,0,0,0,0,10
0,0,0,0,0,0,0,0,10
8,1.5,1.5,17,22,10,0,7,20
0,0,0,0,0,0,0,0,10
3.5,5,1,0,0,0,0,0,30
0,0,0,0,0,0,0,0,10
4,3,0,0,0,0,0,0,10
4,4,1,12,44,46,29,6,20
0,0,0,2,2,0,0,0,10
2.5,0,0,0,0,0,0,0,10
0,0,0,0,0,0,0,0,10
0,0,0,0,0,0,0,0,10
0,0,0,0,0,0,0,0,10
0,0,0,0,0,0,0,0,10
0,0,0,0,0,0,0,0,10
7,7,0,0,0,0,0,0,30
0,0,0,0,0,0,0,0,10
0,0,0,0,0,0,0,0,10
0,0,0,0,0,0,0,0,10
7,7,4,16,169,221,11,11,20
0,0,0,0,0,0,0,0,10
0,0,0,2,4,1,0,3,10
8,4,1,0,0,0,0,0,30
0,0,0,0,0,0,0,0,10
0,0,0,6,11,7,0,0,20
0,0,0,0,0,0,0,0,10
0,0,0,0,0,0,0,0,10
2,0,0,0,0,0,0,0,10
0,0,0,0,0,0,0,0,10
0,0,0,0,0,0,0,0,10
0,0,0,0,0,0,0,0,20
8,0,0,0,0,0,0,0,10
0,0,0,0,0,0,0,0,10
0,0,0,0,0,0,0,0,30
0,0,0,0,0,0,0,0,10
3,3,0,3,13,26,30,0,30
0,0,0,0,0,0,0,0,30
0,0,0,0,0,0,0,0,10
0,0,0,0,0,0,0,0,10
0,0,0,0,0,0,0,0,10
0,0,0,0,0,0,0,0,10
0,0,0,0,0,0,0,0,10
2,0,0,0,0,0,0,0,20
0,0,0,0,0,0,0,0,20
0,0,0,0,0,0,0,0,10
9,6,1,0,0,0,0,0,30
0,0,0,0,0,0,0,0,10
0,0,0,0,0,0,0,0,10
5,4,1,0,0,0,0,0,10
0,0,0,0,0,0,0,0,10
0,0,0,0,0,0,0,0,10
0,0,0,0,0,0,0,0,10
0,0,0,0,0,0,0,0,10
8,14,7,5,19,12,0,0,20
1,0,0,0,0,0,0,0,20
2,0,0,0,0,0,0,0,20
0,0,0,0,0,0,0,0,10
0,0,0,0,0,0,0,0,10
2,0,0,0,0,0,0,0,30
0,0,0,0,0,0,0,0,20
0,0,0,0,0,0,0,0,10
0,0,0,0,0,0,0,0,10
0,0,0,0,0,0,0,0,10
0,0,0,0,0,0,0,0,30
4,0,0,0,0,0,0,0,20
0,0,0,0,0,0,0,0,10
3.5,3,0,129,449,397,83,61,20
0,0,0,0,0,0,0,0,10
0,0,0,0,0,0,0,0,20
0,0,0,0,0,0,0,0,30
0,0,0,0,0,0,0,0,10
0,0,0,0,0,0,0,0,10
0,0,0,0,0,0,0,0,20
0,0,0,0,0,0,0,0,10
11,9,0,0,0,0,0,0,30
1,1,0,0,0,0,0,0,20
0,0,0,0,0,0,0,0,10
0,0,0,0,0,0,0,0,10
0,0,0,0,0,0,0,0,10
0,0,0,19,33,74,13,0,10
0,0,0,0,0,0,0,0,20
0,0,0,0,0,0,0,0,10
0,0,0,0,0,0,0,0,10
0,0,0,0,0,0,0,0,10
0,0,0,0,0,0,0,0,10
0,0,0,0,0,0,0,0,10
0,0,0,0,0,0,0,0,10
0,0,0,0,0,0,0,0,10
0,0,0,0,0,0,0,0,10
0,0,0,0,0,0,0,0,10
0,0,0,0,0,0,0,0,10
0,0,0,0,0,0,0,0,20
0,0,0,0,0,0,0,0,10
2,1,0,0,0,0,0,0,10
0,0,0,0,0,0,0,0,10
0,0,0,0,0,0,0,0,10
5,5,0,0,0,0,0,0,30
0,0,0,2,8,4,0,0,30
0,0,0,0,0,0,0,0,10
7,3,1,0,0,0,0,0,20
0,0,0,0,0,0,0,0,10
0,0,0,41,189,180,46,0,30
0,0,0,0,0,0,0,0,10
0,0,0,0,0,0,0,0,10
11,8,3,38,169,95,0,34,30
0,0,0,0,0,0,0,0,10
0,0,0,1,0,1,0,0,10
5,0,0,0,0,0,0,0,30
0,0,0,0,0,0,0,0,30
0,0,0,0,0,0,0,0,10
9,1,0,0,0,0,0,0,20
0,0,0,0,0,0,0,0,10
0,0,0,0,0,0,0,0,10
0,0,0,0,0,0,0,0,10
0,0,0,0,0,0,0,0,10
10,9,0,0,0,0,0,0,30
3,2.5,1,0,0,0,0,0,20
0,0,0,2,12,16,0,9,10
0,0,0,0,0,0,0,0,20
3,0,0,0,0,0,0,0,20
0,0,0,0,0,0,0,0,20
0,0,0,0,0,0,0,0,10
0,0,0,0,0,0,0,0,10
0,0,0,0,0,0,0,0,20
5,0,0,0,0,0,0,0,20
0,0,0,0,0,0,0,0,10
0,0,0,0,0,0,0,0,10
0,0,0,0,0,0,0,0,10
0,0,0,0,0,0,0,0,10
0,0,0,0,0,0,0,0,10
5,3,0,0,0,0,0,0,30
0,0,0,0,0,0,0,0,30
0,0,0,0,0,0,0,0,10
0,0,0,0,0,0,0,0,10
0,0,0,0,0,0,0,0,20
0,0,0,0,0,0,0,0,10
0,0,0,0,0,0,0,0,20
15,3,2,0,0,0,0,0,10
2,4,0,5,11,9,11,2,30
0,0,0,0,0,0,0,0,10
0,0,0,0,0,0,0,0,10
0,0,0,0,0,0,0,0,10
0,0,0,0,0,0,0,0,30
0,0,0,1,3,3,0,0,10
0,0,0,0,0,0,0,0,10
0,0,0,0,0,0,0,0,10
3,1,1,0,0,0,0,0,30
0,0,0,0,0,0,0,0,10
0,0,0,0,0,0,0,0,10
0,0,0,0,0,0,0,0,10
0,0,0,0,0,0,0,0,10
6,4,1,0,0,0,0,0,30
0,0,0,0,0,0,0,0,10
0,0,0,0,0,0,0,0,10
0,0,0,0,0,0,0,0,10
0,0,0,0,0,0,0,0,20
0,0,0,0,0,0,0,0,10
0,0,0,0,0,0,0,0,10
0,0,0,0,0,0,0,0,20
1,0,0,0,0,0,0,0,10
0,0,0,0,0,0,0,0,10
0,0,0,0,0,0,0,0,10
0,0,0,0,0,0,0,0,10
0,0,0,0,0,0,0,0,20
0,0,0,0,0,0,0,0,20
0,0,0,0,0,0,0,0,10
0,0,0,0,0,0,0,0,10
0,0,0,0,0,0,0,0,10
0,0,0,0,0,0,0,0,10
1,1,0,0,0,0,0,0,30
0,0,0,0,0,0,0,0,10
0,0,0,0,0,0,0,0,10
0,0,0,0,0,0,0,0,20
0,0,0,0,0,0,0,0,10
0,0,0,0,0,0,0,0,10
0,0,0,0,0,0,0,0,10
0,0,0,0,0,0,0,0,10
8.5,0,0,0,0,0,0,0,20
0,0,0,0,0,0,0,0,10
20,17,0,0,0,0,0,0,30
0,0,0,0,0,0,0,0,10
0,0,0,0,0,0,0,0,10
0,0,0,0,0,0,0,0,10
0,0,0,0,0,0,0,0,10
0,0,0,0,0,0,0,0,10
1,0,0,0,0,0,0,0,20
0,0,0,0,0,0,0,0,10
8,8,3,0,0,0,0,0,30
2.25,2,1.5,170,717,671,107,231,30
0,0,0,0,0,0,0,0,20
4,2.333333333,1,0,0,0,0,0,10
0,0,0,0,0,0,0,0,10
1,1,0,0,0,0,0,0,20
0,0,0,1,4,2,0,0,10
0,0,0,3,7,2,0,7,20
0,0,0,0,0,0,0,0,20
0,0,0,0,0,0,0,0,10
0,0,0,0,0,0,0,0,10
0,0,0,0,0,0,0,0,10
0,0,0,0,0,0,0,0,10
0,0,0,0,0,0,0,0,10
0,0,0,0,0,0,0,0,10
0,0,0,0,0,0,0,0,30
0,0,0,0,0,0,0,0,10
0,0,0,0,0,0,0,0,10
0,0,0,0,0,0,0,0,10
0,0,0,0,0,0,0,0,10
0,0,0,0,0,0,0,0,10
0,0,0,0,0,0,0,0,10
6,2,0,0,0,0,0,0,30
0,0,0,0,0,0,0,0,10
0,0,0,0,0,0,0,0,20
0,0,0,0,0,0,0,0,10
4.5,2,2,0,0,0,0,0,20
1,0,0,0,0,0,0,0,30
0,0,0,0,0,0,0,0,10
0,0,0,0,0,0,0,0,10
0,0,0,0,0,0,0,0,10
0,0,0,0,0,0,0,0,20
0,0,0,0,0,0,0,0,10
4,0,0,0,0,0,0,0,30
0,0,0,0,0,0,0,0,10
0,0,0,0,0,0,0,0,10
2,1,2,0,0,0,0,0,30
0,0,0,0,0,0,0,0,20
11,3,0,0,0,0,0,0,30
0,0,0,0,0,0,0,0,10
0,0,0,0,0,0,0,0,10
8,0,0,0,0,0,0,0,10
0,0,0,0,0,0,0,0,10
0,0,0,0,0,0,0,0,10
0,0,0,0,0,0,0,0,10
0,0,0,0,0,0,0,0,10
3,2,0,0,0,0,0,0,10
0,0,0,0,0,0,0,0,10
0,0,0,0,0,0,0,0,10
4.411764706,3.571428571,2,31,176,179,0,166,30
6.666666667,6,0,84,239,102,15,53,30
2.666666667,0,0,103,346,214,0,619,30
0,0,0,11,14,10,0,17,20
0,0,0,0,0,0,0,0,10
0,0,0,0,0,0,0,0,10
0,0,0,0,0,0,0,0,10
0,0,0,0,0,0,0,0,10
0,0,0,25,100,20,0,72,20
0,0,0,0,0,0,0,0,10
0,0,0,0,0,0,0,0,10
1,1,0,147,4101,197,56,342,30
0,0,0,0,0,0,0,0,10
0,0,0,0,0,0,0,0,10
3,3,2,17,44,152,0,13,10
8,4,0,0,0,0,0,0,20
0,0,0,0,0,0,0,0,10
0,0,0,6,10,2,0,9,10
0,0,0,0,0,0,0,0,10
2,3,0,0,0,0,0,0,30
0,0,0,0,0,0,0,0,10
3,3,0,1,1,0,0,0,20
0,0,0,0,0,0,0,0,10
0,0,0,0,0,0,0,0,10
0,0,0,0,0,0,0,0,10
0,0,0,0,0,0,0,0,10
10,1,0,0,0,0,0,0,20
3,3,1,0,0,0,0,0,20
0,0,0,3,4,2,0,5,10
0,0,0,0,0,0,0,0,10
2,1,0,0,0,0,0,0,20
0,0,0,0,0,0,0,0,10
0,0,0,0,0,0,0,0,20
0,0,0,0,0,0,0,0,10
0,0,0,0,0,0,0,0,10
2,1,0,0,0,0,0,0,30
1,1,0,0,0,0,0,0,30
0,0,0,0,0,0,0,0,10
0,0,0,0,0,0,0,0,30
0,0,0,0,0,0,0,0,10
0,0,0,0,0,0,0,0,20
6,3,0,0,0,0,0,0,30
6,5,0,0,0,0,0,0,20
0,0,0,0,0,0,0,0,30
1,0,0,0,0,0,0,0,30
0,0,0,0,0,0,0,0,10
0,0,0,0,0,0,0,0,10
0,0,0,0,0,0,0,0,10
0,0,0,0,0,0,0,0,10
0,0,0,0,0,0,0,0,10
0,0,0,0,0,0,0,0,10
0,0,0,0,0,0,0,0,30
1,1,0,0,0,0,0,0,20
0,0,0,0,0,0,0,0,10
0,0,0,9,34,34,61,0,10
0,0,0,0,0,0,0,0,10
0,0,0,0,0,0,0,0,10
0,0,0,0,0,0,0,0,10
0,0,0,0,0,0,0,0,10
0,0,0,0,0,0,0,0,20
0,0,0,0,0,0,0,0,10
42,39,0,0,0,0,0,0,30
4,4,2,0,0,0,0,0,10
0,0,0,0,0,0,0,0,10
21,15,0,81,212,91,1,326,30
0,0,0,0,0,0,0,0,10
0,0,0,0,0,0,0,0,10
3,1,0,0,0,0,0,0,10
3.5,2,0,0,0,0,0,0,30
3,0,0,11,23,14,0,2,20
0,0,0,0,0,0,0,0,10
0,0,0,0,0,0,0,0,10
34,18,6,23,120,108,0,4,10
5,4,0,0,0,0,0,0,30
0,0,0,0,0,0,0,0,10
0,0,0,0,0,0,0,0,20
0,0,0,0,0,0,0,0,10
4,0,0,0,0,0,0,0,10
0,0,0,0,0,0,0,0,10
3,2,0,0,0,0,0,0,30
3,0,0,0,0,0,0,0,10
0,0,0,0,0,0,0,0,10
10,0,0,0,0,0,0,0,30
0,0,0,0,0,0,0,0,10
0,0,0,0,0,0,0,0,30
0,0,0,0,0,0,0,0,10
0,0,0,0,0,0,0,0,10
4,2,0,0,0,0,0,0,20
0,0,0,0,0,0,0,0,10
0,0,0,3,38,12,0,2,20
0,0,0,0,0,0,0,0,10
1,0,0,0,0,0,0,0,10
0,0,0,0,0,0,0,0,10
0,0,0,1,2,0,0,0,10
0,0,0,0,0,0,0,0,10
0,0,0,0,0,0,0,0,10
0,0,0,0,0,0,0,0,30
0,0,0,0,0,0,0,0,10
0,0,0,0,0,0,0,0,10
0,0,0,0,0,0,0,0,10
4,0,0,0,0,0,0,0,30
1,0,0,0,0,0,0,0,20
4,4,0,5,20,10,0,21,30
0,0,0,0,0,0,0,0,20
0,0,0,0,0,0,0,0,10
0,0,0,0,0,0,0,0,20
0,0,0,0,0,0,0,0,30
0,0,0,0,0,0,0,0,10
1,0,0,0,0,0,0,0,20
0,0,0,0,0,0,0,0,10
0,0,0,0,0,0,0,0,10
0,0,0,0,0,0,0,0,20
0,0,0,0,0,0,0,0,10
6,8,3.5,0,0,0,0,0,20
0,0,0,0,0,0,0,0,10
0,0,0,0,0,0,0,0,10
0,0,0,0,0,0,0,0,10
9,7,1,0,0,0,0,0,30
0,0,0,0,0,0,0,0,10
0,0,0,0,0,0,0,0,10
0,0,0,0,0,0,0,0,10
0,0,0,0,0,0,0,0,10
0,0,0,1,1,1,0,0,10
0,0,0,0,0,0,0,0,10
0,0,0,0,0,0,0,0,10
0,0,0,0,0,0,0,0,10
0,0,0,0,0,0,0,0,10
0,0,0,0,0,0,0,0,10
0,0,0,0,0,0,0,0,10
0,0,0,22,31,10,2,1,20
0,0,0,12,36,27,0,14,10
0,0,0,0,0,0,0,0,20
0,0,0,0,0,0,0,0,20
22,3,0,0,0,0,0,0,30
3,0,0,0,0,0,0,0,20
2,2,1,0,0,0,0,0,20
0,0,0,0,0,0,0,0,10
0,0,0,0,0,0,0,0,10
0,0,0,0,0,0,0,0,10
1,0,1,0,0,0,0,0,10
0,0,0,0,0,0,0,0,10
0,0,0,0,0,0,0,0,30
0,0,0,0,0,0,0,0,10
0,0,0,0,0,0,0,0,10
5.5,3.5,1,0,0,0,0,0,30
0,0,0,0,0,0,0,0,10
0,0,0,0,0,0,0,0,10
4.5,3.5,1.5,0,0,0,0,0,30
0,0,0,0,0,0,0,0,10
1,1,0,0,0,0,0,0,10
0,0,0,0,0,0,0,0,20
0,0,0,0,0,0,0,0,10
0,0,0,0,0,0,0,0,10
0,0,0,0,0,0,0,0,10
10,1.5,2,0,0,0,0,0,20
0,0,0,0,0,0,0,0,10
0,0,0,0,0,0,0,0,20
0,0,0,0,0,0,0,0,20
1,1,0,0,0,0,0,0,30
0,0,0,0,0,0,0,0,10
0,0,0,3,10,24,0,0,10
0,0,0,0,0,0,0,0,10
0,0,0,0,0,0,0,0,10
0,0,0,0,0,0,0,0,10
0,0,0,0,0,0,0,0,20
0,0,0,0,0,0,0,0,10
0,0,0,0,0,0,0,0,10
0,0,0,0,0,0,0,0,10
0,0,0,0,0,0,0,0,10
0,0,0,0,0,0,0,0,10
0,0,0,0,0,0,0,0,30
0,0,0,0,0,0,0,0,30
2,2,1,0,0,0,0,0,20
0,0,0,5,22,16,11,1,30
0,0,0,19,128,107,1,265,20
0,0,0,0,0,0,0,0,10
0,0,0,0,0,0,0,0,10
0,0,0,0,0,0,0,0,10
0,0,0,0,0,0,0,0,30
0,0,0,0,0,0,0,0,10
0,0,0,14,22,15,0,17,20
0,0,0,0,0,0,0,0,10
1,0,0,0,0,0,0,0,20
0,0,0,0,0,0,0,0,10
0,0,0,0,0,0,0,0,10
0,0,0,0,0,0,0,0,20
0,0,0,0,0,0,0,0,10
2,0,0,0,0,0,0,0,20
